Overall Qual,Overall Cond,Year Built,Total Bsmt SF,Total Liv Area,Full Bath,Half Bath,Bedroom AbvGr,TotRms AbvGrd,Garage Area,SalePrice
6,5,1960,1080,1656,1,0,3,7,528,215000
5,6,1961,882,896,1,0,2,5,730,105000
6,6,1958,1329,1329,1,1,3,6,312,172000
7,5,1968,2110,2110,2,1,3,8,522,244000
5,5,1997,928,1629,2,1,3,6,482,189900
6,6,1998,926,1604,2,1,3,7,470,195500
7,5,1999,994,1804,2,1,3,7,442,189000
6,5,1993,763,1655,2,1,3,7,440,175900
6,5,1998,789,1465,2,1,3,7,393,180400
7,5,1990,1300,1341,1,1,2,5,506,171500
8,5,2003,1650,3279,3,1,4,12,841,538000
8,7,1988,559,1752,2,0,4,8,492,164000
9,2,2010,1856,1856,1,1,1,8,834,394432
4,5,1951,864,864,1,0,2,4,400,141000
6,6,1978,1542,2073,2,0,3,7,500,210000
6,6,1977,1844,1844,2,0,3,7,546,190000
7,6,1974,1053,1173,2,0,3,6,528,170000
5,6,1968,1056,1056,1,0,3,6,304,142000
4,5,1970,882,882,1,0,2,4,525,126000
4,5,1971,864,864,1,0,3,5,0,115000
9,5,2009,1590,2334,2,1,3,10,751,376162
8,5,2007,1704,1704,2,0,3,7,772,306000
9,5,2009,1930,1940,2,1,3,8,606,395192
8,5,2009,1544,1544,2,0,3,7,868,290941
7,5,2005,1541,1541,2,0,3,7,532,220000
9,5,2005,1698,1698,2,0,3,7,730,275000
8,5,2005,1822,1822,2,0,3,8,678,259000
7,5,2004,1517,1535,2,0,3,7,532,214000
9,5,2009,2330,2364,2,1,2,11,820,611657
9,5,2003,2846,2696,2,1,3,10,958,500000
8,5,2002,1671,2250,2,1,3,7,756,320000
6,5,2005,1324,1324,2,0,3,6,430,199500
7,5,2004,384,1374,2,1,3,7,400,184500
7,5,2004,847,1733,2,1,3,7,433,185088
9,5,1999,1393,2599,2,1,4,10,779,333168
8,5,1998,1629,2475,2,1,4,7,962,355000
7,5,1996,1720,1720,2,0,3,7,527,260400
8,5,1994,1463,2622,2,1,3,9,712,325000
8,7,1999,1152,2270,2,1,4,9,671,290000
7,5,1998,1195,1839,2,1,4,7,486,221000
8,5,1995,2033,3238,2,1,4,9,666,410000
8,5,2005,1595,1595,2,0,2,6,880,221500
7,5,2009,1218,1218,2,0,2,4,676,204500
7,5,2009,756,1547,2,1,3,7,614,215200
8,5,2008,1566,1566,2,0,3,7,750,262500
7,5,2004,991,1947,2,1,3,8,678,254900
6,5,2005,1468,1468,2,0,2,6,528,271500
7,5,2004,956,2084,2,1,4,8,618,233000
7,5,2004,831,1659,2,1,3,8,484,181000
6,5,1992,1055,1845,2,1,3,8,462,189000
6,5,1984,1040,1097,2,0,3,6,480,152000
6,6,1980,650,1564,2,1,3,7,476,171000
5,7,1961,1109,1155,1,0,3,6,576,148000
5,8,1965,894,894,1,0,3,5,336,138500
5,5,1963,1040,1040,1,1,3,5,308,133000
6,6,1974,1208,1494,2,0,3,7,461,169000
7,5,1992,750,1923,2,1,3,8,564,190000
8,5,1993,1231,2349,2,1,4,9,762,362500
8,5,1992,1390,2225,2,1,4,7,713,285000
8,5,2010,1642,1418,1,1,1,6,852,267916
8,5,2000,975,1848,2,1,3,7,592,254000
7,5,2002,1492,1492,2,0,3,6,596,230000
6,5,1993,1280,2495,2,1,4,9,660,243500
7,5,1988,980,1714,2,1,3,7,496,196500
6,7,1972,1161,1381,1,1,3,5,676,197500
6,6,1971,715,1645,1,2,4,7,441,171000
5,5,1966,1232,1232,1,1,3,6,490,142250
4,5,1959,950,1225,1,1,3,6,0,128950
5,5,1966,1209,1209,1,0,3,6,504,159000
5,6,1967,1510,1510,2,0,3,6,517,178900
6,7,1963,936,1054,1,0,3,6,480,137500
5,6,1950,1078,1078,1,0,2,5,240,142125
5,7,1952,1140,2461,2,0,3,7,400,197600
6,6,1949,782,1556,2,0,3,6,470,172500
5,7,1958,858,858,1,0,2,4,0,116500
3,2,1940,728,1306,1,0,3,6,0,76500
5,5,1954,1056,1063,1,0,3,6,280,128000
6,6,1955,1156,1520,1,0,3,7,364,153000
5,6,1954,1268,1268,1,0,2,7,244,132000
6,8,1966,1080,1128,1,0,2,5,315,178000
6,6,1966,1517,1888,2,1,2,6,578,190000
7,5,2003,1480,1480,2,0,3,7,620,214000
5,5,1959,1398,1700,1,1,4,6,447,165500
5,6,1957,1314,1314,1,0,3,5,294,145000
6,6,1959,1194,1194,1,0,3,6,312,148000
5,5,1960,1268,1264,1,0,3,6,461,167500
5,5,1959,1206,1206,1,0,3,6,312,108538
6,5,1959,1244,1580,1,1,3,6,440,159500
4,5,1956,832,1337,1,0,3,5,263,108000
5,7,1952,864,1064,1,0,2,4,318,135000
5,6,1955,972,972,1,0,3,5,305,122500
5,7,1953,1057,1057,1,0,3,5,246,109000
4,7,1920,576,985,1,0,2,4,676,105000
5,7,1955,0,827,1,0,2,5,392,107500
5,7,1954,1086,1086,1,0,3,6,490,144900
5,7,1956,936,936,1,0,2,4,308,129000
6,5,1948,912,1458,1,0,3,6,330,97500
7,7,1967,710,2978,2,1,5,11,564,242000
6,8,1948,816,1224,1,0,3,5,280,132000
5,7,1959,1246,1246,1,1,3,6,305,154000
5,4,1952,910,1385,2,0,4,6,720,166000
5,7,1951,900,900,1,0,3,5,576,134800
6,6,1962,1116,1116,1,1,3,5,440,160000
5,6,1960,1175,1175,1,1,3,6,484,148000
6,7,1963,1395,1395,1,0,2,7,440,192000
6,5,1966,756,1839,1,1,4,7,442,155000
4,5,1900,709,1844,1,0,3,9,240,80400
4,7,1910,576,1140,1,0,3,7,0,96500
5,7,1920,936,936,1,0,2,5,0,109500
5,6,1927,1008,1028,1,0,2,5,360,115000
5,7,1957,1347,1347,1,0,3,6,551,143000
4,6,1945,747,747,1,0,2,4,220,80000
5,7,1940,788,804,1,0,2,4,240,119000
5,7,1929,926,1316,1,0,3,6,484,130000
6,7,1938,827,1251,1,0,3,6,240,119000
5,7,1948,1027,1633,1,0,3,7,240,129000
6,8,1928,624,720,1,0,2,5,484,105900
5,6,1915,686,1652,2,0,4,7,416,139000
8,9,1890,346,2268,3,0,3,7,624,240000
6,7,1957,912,1236,1,0,2,6,923,149700
4,7,1910,622,1363,1,0,3,6,528,125500
6,7,1922,738,1470,1,1,2,6,624,140750
5,6,1950,988,1612,1,1,3,7,363,128500
6,7,1939,608,1132,1,0,2,5,240,134000
6,6,1940,572,1196,1,1,3,6,576,128000
5,6,1942,835,1453,1,1,3,7,240,132000
6,7,1948,780,1416,1,1,3,6,312,139900
5,7,1936,528,1040,1,0,2,5,624,123900
5,5,1930,928,1536,2,0,4,7,480,138400
6,5,1923,1124,1068,1,0,2,5,288,109500
7,6,1921,576,1710,2,0,3,9,480,140000
4,5,1915,888,1962,1,1,4,9,572,149500
6,8,1912,780,1560,1,1,3,7,0,159900
6,8,1920,662,1324,1,0,3,6,180,122000
5,5,1959,1422,1675,2,0,3,8,365,173000
5,5,1967,912,912,1,0,3,5,336,125000
5,7,1966,864,892,1,0,3,5,416,137900
6,7,1969,663,1352,1,1,4,7,299,158000
5,5,1968,864,864,1,0,2,4,280,137250
5,5,1968,720,1440,1,1,4,7,480,163000
7,5,1996,1306,2260,2,1,3,7,533,328000
4,7,1950,1067,1067,2,0,2,4,436,128000
3,4,1938,972,1610,2,0,4,8,480,124000
6,7,1950,663,1074,1,0,3,6,467,144500
5,6,1956,1144,1144,1,0,3,6,596,129000
4,6,1947,756,1531,1,0,3,8,209,127000
5,7,1954,1172,1172,1,0,3,5,366,128000
6,5,2009,1212,1212,2,0,3,6,460,186000
7,5,2009,1508,1508,1,0,1,5,572,308030
4,7,1946,0,930,1,0,2,6,308,84900
6,5,1985,741,1732,2,1,3,7,476,178000
7,5,1987,1433,1433,1,1,1,4,528,270000
6,7,1993,946,1802,2,1,3,8,1017,218000
7,5,1993,1050,1949,2,1,3,8,574,236000
6,6,1992,936,996,1,0,2,5,564,147000
8,5,2008,1694,1694,2,0,3,7,776,245350
7,5,2006,1187,1208,2,0,2,6,632,206000
7,5,2009,1226,1226,2,0,3,6,740,198900
7,5,2010,1222,1222,2,0,2,6,615,187000
7,5,1990,1673,3222,3,0,5,11,594,320000
6,8,1900,676,1445,2,0,3,6,484,138500
6,7,1971,1010,1052,1,0,3,6,440,155000
5,5,1996,870,965,1,0,2,4,580,159000
6,5,1998,804,1682,2,1,3,7,523,200500
5,8,1977,1026,1026,1,1,3,5,308,150000
5,6,1976,894,894,1,0,3,5,308,128200
5,6,1972,876,876,1,0,3,5,484,127000
8,5,2003,1978,1978,2,1,3,8,850,318000
7,6,2003,941,1829,2,1,3,7,613,237000
7,5,1997,1040,2098,2,1,4,9,621,240000
7,5,1998,1649,1661,2,0,3,6,598,224900
8,5,2003,1657,1668,2,0,3,8,502,232000
7,5,2004,1473,1484,2,0,3,7,606,213000
7,5,2004,1414,1414,2,0,3,6,494,185500
5,6,1954,381,992,1,0,3,6,319,155891
5,6,1968,1196,1196,1,0,3,6,336,144000
6,6,1975,1008,1096,1,0,3,5,352,125200
6,5,1976,1029,1117,1,0,3,6,672,107000
4,5,1958,960,960,1,0,3,5,0,90000
4,5,2003,1121,1121,2,0,2,5,440,140000
6,4,1945,735,1487,1,1,3,7,220,113000
5,6,1957,1216,1526,1,0,4,7,364,144500
5,6,1924,1026,1691,2,0,3,6,308,127000
5,2,1931,894,1666,1,0,3,7,0,100000
6,7,1919,804,2447,2,0,4,10,336,169000
7,6,1941,1528,2133,1,1,4,8,312,257500
7,9,1941,1152,2340,2,0,4,9,252,266500
7,8,1959,1902,1902,2,0,3,7,567,335000
7,6,1994,423,1652,2,1,3,6,473,203135
7,8,1959,1501,1801,2,0,1,6,484,289000
4,8,1922,796,1154,1,0,3,7,240,125500
2,5,1941,480,540,1,0,1,4,200,82000
6,5,1921,629,1107,1,0,2,5,625,110000
4,4,1920,698,1128,1,0,2,6,528,68400
4,7,1900,859,1178,1,0,2,7,384,102776
4,7,1896,756,952,1,0,3,5,330,50138
8,5,1998,1049,1916,2,1,3,8,741,254900
6,7,1977,1243,1285,2,0,3,6,473,190000
7,5,2003,1560,1560,2,0,3,7,573,201000
7,5,2008,1336,1346,2,0,3,6,660,220000
7,5,2009,1214,1214,2,0,2,6,520,179781
5,5,2006,384,1444,2,1,3,7,400,174000
8,5,2009,774,1968,2,1,4,8,680,269500
7,5,2002,817,1894,2,1,4,8,510,214900
8,5,2002,967,1908,2,1,4,9,431,202900
9,5,2008,2002,2018,2,0,3,10,746,378500
5,5,1965,1068,1264,1,0,2,7,528,169000
5,5,2004,1430,1430,2,0,3,7,624,173500
5,7,1971,864,874,1,0,3,5,352,130000
5,7,1984,833,833,1,0,2,5,495,149900
5,5,1991,624,1274,1,1,3,6,576,136000
5,5,1969,864,1479,2,0,5,8,275,161000
8,5,1994,1679,1803,2,1,3,6,482,285000
6,5,1993,1152,1797,2,1,3,7,616,231000
6,5,1956,882,882,1,0,2,5,502,124500
6,5,1974,1434,1434,2,0,4,7,528,157000
8,7,1972,1952,2704,2,1,4,9,538,345000
6,5,1997,945,1608,2,1,3,7,470,189500
7,5,1996,384,1628,2,1,3,7,390,189000
9,5,2006,1746,1746,2,0,3,7,758,377500
8,5,1998,1418,1478,2,0,2,5,495,240000
7,5,1998,384,1382,2,1,3,7,396,177500
7,5,1998,832,1718,2,1,3,7,427,185000
6,5,1998,952,1636,2,1,3,7,440,191000
6,7,1993,799,1571,2,1,3,7,380,178000
6,5,1993,1181,1190,2,0,3,6,430,166000
6,5,1994,702,1481,2,1,3,6,343,174000
7,5,1990,1424,1442,2,0,3,5,500,180500
9,5,2008,2216,2234,2,0,1,9,1166,501837
8,5,2008,2046,2046,2,1,3,7,834,372500
7,5,2005,1530,1530,2,0,3,7,430,260000
5,6,1977,1122,1934,2,1,3,6,567,185000
7,7,1980,845,2353,2,1,4,10,484,260000
6,5,1979,1362,1586,2,0,3,7,435,181000
7,5,1977,1386,1411,2,0,3,6,544,82500
6,6,1978,1427,1671,2,0,3,7,484,200000
6,5,1978,1140,1707,2,0,3,7,479,184000
8,5,1981,2524,2524,2,1,4,9,542,278000
7,5,1978,1271,1601,2,0,3,7,478,157000
7,5,1976,1090,1370,2,0,3,6,479,152000
7,5,2003,926,1884,2,1,3,7,581,240900
8,5,2009,832,1935,2,1,3,8,552,263435
6,6,1974,1116,1116,2,0,3,6,528,167900
7,5,1975,1176,1193,2,0,3,5,506,158000
6,5,1974,1064,1350,2,0,3,7,478,165000
6,8,1969,1026,1026,1,0,3,5,440,156000
4,6,1970,864,864,1,0,3,5,576,76500
4,6,1970,864,864,1,0,3,5,660,120500
4,7,1970,864,864,1,0,3,5,463,124500
4,6,1971,864,864,1,0,2,4,576,97000
4,7,1971,864,864,1,0,3,5,576,130000
5,5,1967,892,892,1,0,3,5,288,100000
10,5,2006,1700,1718,2,0,3,7,786,337500
9,5,2007,1776,2772,3,1,4,10,754,462000
9,5,2008,1926,3140,3,1,4,11,820,485000
10,5,2008,3094,2402,2,0,2,10,672,555000
9,5,2006,1652,1652,2,0,2,6,840,325000
8,5,2007,1566,1600,2,0,3,7,890,256300
8,5,2008,2042,2042,2,1,3,8,1390,253293
9,5,2009,1365,2690,2,1,3,8,864,398800
9,5,2008,1104,2184,2,1,3,10,836,335000
9,5,2008,2020,2020,2,0,3,7,896,404000
10,5,2009,2006,2020,2,1,3,9,900,402861
10,5,2008,1722,2296,2,1,3,10,842,451950
10,5,2007,2630,2674,2,1,2,8,762,610000
9,5,2008,1734,2822,3,1,4,12,1020,582933
9,5,2008,1736,1736,2,0,3,7,834,360000
8,5,2004,1782,1782,2,0,3,7,932,296000
8,5,2007,1508,2520,2,1,5,10,640,409900
8,5,2006,1709,1717,2,0,3,7,908,255500
9,5,2008,1739,1743,2,0,3,8,927,335000
8,5,2004,1713,1713,2,0,3,7,856,274900
9,5,2006,1504,1531,2,0,2,6,700,300000
9,5,2008,1774,1808,2,0,3,7,850,324000
9,5,2004,1462,2224,2,1,4,10,738,350000
8,5,2004,1836,1836,2,0,3,7,862,280000
8,5,2003,3206,1629,2,0,3,7,880,284000
7,5,2003,1760,1760,2,0,3,8,583,269500
7,5,2009,1502,1502,2,0,3,7,644,233170
10,5,2003,2392,2392,2,0,3,8,968,386250
9,5,2003,2452,2452,2,0,3,10,886,445000
8,5,2003,1082,2400,3,1,4,10,730,290000
8,5,2006,1598,1606,2,0,3,6,871,255900
10,5,2004,2492,2492,2,1,2,8,949,552000
8,5,2003,2200,2200,2,1,3,8,685,382500
8,5,2002,1712,1712,2,0,3,8,701,286500
7,5,2005,728,1456,2,1,3,8,390,184000
6,5,2005,745,1490,2,1,3,7,392,167800
6,5,2005,742,1484,2,1,3,8,390,174000
6,5,2005,684,1560,2,1,3,6,400,174000
7,5,2004,716,1432,2,1,3,6,432,188500
7,5,2004,384,1374,2,1,3,6,400,170000
7,5,2004,868,1630,2,1,3,7,436,189500
7,5,2004,846,1594,2,1,3,7,434,195500
7,5,2004,384,1374,2,1,3,7,400,167000
6,5,2000,982,1800,2,1,3,7,463,179000
6,5,2000,794,1514,2,1,3,7,394,190000
7,5,1999,384,1430,2,1,3,7,400,156000
7,6,1999,384,1430,2,1,3,7,410,168000
8,5,1999,1252,2365,2,1,3,8,856,337000
8,5,1995,1462,2794,2,1,4,9,810,403000
8,5,2000,1455,2687,2,1,4,10,810,327000
8,5,1998,1225,2612,2,1,4,8,676,336000
7,5,1996,1264,2344,2,1,3,7,889,265000
7,5,1993,1347,2646,2,1,4,9,656,260000
7,5,1995,1070,2061,2,1,3,7,647,260000
8,7,1994,1629,2448,2,1,4,8,711,402000
8,5,2008,1468,1468,2,0,3,6,898,244600
8,5,2008,1696,1696,2,0,3,7,972,275000
8,5,2008,1614,1658,2,1,3,7,726,257500
8,5,2008,1573,1578,2,0,3,7,840,287090
8,5,2007,1702,1702,2,0,3,7,844,275500
8,5,2006,1422,1432,2,0,3,7,492,245000
7,5,2005,1113,1971,2,1,3,8,689,253000
9,5,2005,2458,2490,2,0,2,9,795,468000
7,5,2009,900,1852,2,1,3,7,644,252678
8,5,2008,768,1590,2,1,3,6,676,210000
6,5,2009,1218,1218,2,0,2,4,676,208300
7,5,2008,1436,1436,2,0,3,6,529,225000
8,5,2009,1300,1314,2,0,3,6,552,229456
7,5,2008,1402,1402,2,0,3,7,625,229800
9,5,2007,1530,1530,2,0,3,7,984,250000
9,5,2009,1766,1766,2,1,2,7,478,370878
8,5,2006,1372,1448,2,0,2,6,692,238500
10,5,2008,1017,2007,2,1,3,10,812,310000
8,5,2006,900,1795,2,1,3,8,782,270000
8,5,2005,1082,1953,2,1,3,9,1043,252000
7,5,2006,1092,1550,2,0,2,7,438,241000
8,5,2008,1836,1836,2,0,3,8,517,264500
7,5,2006,1652,1662,2,0,3,8,711,291000
7,5,2003,912,2094,2,1,4,8,615,263000
7,5,2004,1221,1221,2,0,2,6,400,185000
7,5,2003,1553,1553,2,0,3,6,588,234500
7,5,2003,812,1653,2,1,3,6,628,209000
7,6,2007,1218,1218,1,1,3,6,576,159000
7,5,2006,1141,1141,1,1,3,6,484,152000
6,5,2004,1158,1158,1,1,3,5,0,143500
7,5,2004,835,1812,2,1,3,8,478,193000
8,5,2004,1512,1512,2,0,3,6,845,203000
7,5,2003,1176,1200,2,0,2,5,555,184900
7,5,2004,1114,1114,1,1,3,6,576,159000
5,5,2004,1114,1114,1,1,3,6,0,142000
5,5,2003,1114,1114,2,0,3,6,576,153000
7,5,2008,1450,1450,2,0,2,6,788,224243
7,5,1996,913,2122,2,1,4,8,559,220000
8,5,2005,1844,1844,2,0,2,7,620,257000
7,5,2001,1454,1434,2,0,3,6,527,189000
6,6,1992,816,1730,2,1,3,6,528,171500
7,5,1994,754,1540,2,1,3,6,495,184000
4,4,1950,721,841,1,0,2,4,294,82000
5,5,1962,980,980,1,0,3,5,400,110000
5,6,1977,980,980,1,0,3,6,484,135000
5,6,1961,864,1144,1,0,3,6,264,131400
5,5,1965,864,864,1,0,3,5,360,62383
5,6,1962,912,912,1,0,3,6,252,123000
7,5,1981,1740,1740,1,1,2,7,540,241600
8,5,1976,392,2499,2,1,4,5,527,180500
6,6,1968,727,1556,1,1,4,8,441,154000
6,7,1967,932,2640,2,1,5,8,515,256900
5,5,1969,1288,1336,2,0,3,6,502,163000
6,5,1969,1216,1216,1,0,3,5,336,113000
6,5,1977,1350,1334,2,0,2,6,630,167900
7,5,1998,1650,1680,2,0,3,7,583,213250
8,6,2001,810,1665,2,1,3,6,528,227000
5,6,1967,864,864,1,0,2,5,312,130000
5,5,1967,1568,1568,1,1,3,7,440,143000
5,6,1965,925,925,1,0,2,5,429,117500
7,5,1974,1165,2061,2,1,4,8,498,168500
4,7,1960,894,894,1,0,2,5,396,141500
5,7,1959,864,864,1,0,3,5,308,118000
6,6,1959,864,864,1,0,2,5,300,127500
6,6,1964,1516,1516,1,1,3,6,472,167000
5,6,1961,1313,1313,1,1,3,6,610,153000
5,5,1964,1292,1292,1,1,3,6,520,145100
5,6,1959,1041,1041,1,0,3,6,270,124500
6,6,1961,1208,1576,1,0,4,7,368,174500
5,5,1955,960,960,1,0,2,5,330,122000
4,7,1940,420,708,1,0,2,5,0,82500
6,4,1953,1505,1505,1,0,2,6,505,149500
6,5,1967,1680,1691,1,0,2,5,550,175000
6,5,1953,1416,1644,1,0,3,7,418,167000
5,6,1956,1050,1050,1,0,2,5,338,128900
6,8,1950,856,1668,1,1,3,6,271,140000
5,7,1950,1113,1113,1,0,3,5,264,147000
6,6,1961,1453,1453,2,0,3,6,530,187500
6,8,1966,1562,1567,2,0,2,5,542,256000
7,6,1965,768,1986,2,1,3,7,486,205000
6,6,1968,896,2142,2,1,4,8,509,193500
6,3,1968,1392,1392,1,0,2,5,576,110000
5,7,1956,1169,1144,1,0,3,6,286,150000
6,3,1957,1478,1478,1,1,3,6,442,156500
6,8,1959,988,988,2,0,3,6,297,149500
6,6,1958,1240,1632,2,0,3,6,338,139000
6,7,1958,1215,1215,1,0,3,6,297,155000
5,5,1956,1202,1202,1,0,3,6,304,120000
5,5,1955,1382,1382,1,0,3,6,350,153000
4,5,1956,1200,1200,1,0,3,6,294,144000
6,5,1962,1362,1382,1,0,3,6,884,176000
5,6,1954,1297,1297,1,0,3,5,498,153000
6,7,1954,1062,1062,1,0,3,6,297,131000
5,6,1953,608,1319,1,0,3,5,270,123000
5,5,1951,631,1112,1,0,2,5,480,126000
4,5,1955,1005,1005,1,0,2,5,672,115000
5,7,1951,1008,1363,1,0,2,6,288,164900
5,6,1945,793,793,1,0,2,4,240,113000
5,8,1952,1031,1031,1,0,2,5,230,145500
5,5,1953,0,1210,1,1,2,7,616,102900
7,7,1948,699,1527,1,1,3,6,410,152500
5,6,1950,1200,1200,1,0,3,6,246,129900
6,6,1948,972,972,1,0,2,5,240,132000
3,5,1958,792,792,1,0,2,4,366,99900
5,7,1916,660,1656,2,1,3,8,180,135000
5,7,1939,676,1352,2,0,4,7,720,149000
4,8,1900,405,1039,1,0,2,6,281,114000
5,8,1924,768,792,1,0,2,5,240,109500
5,7,1925,1054,1078,1,0,3,6,264,125000
4,5,1915,1313,2377,2,0,3,8,528,142900
7,9,1910,560,1690,2,0,4,5,624,156500
4,6,1920,840,1374,1,0,2,6,338,105000
3,5,1890,630,725,1,1,1,4,320,78500
6,7,1963,1380,1380,1,1,3,6,364,154000
6,4,1967,1040,1040,1,0,3,6,480,163000
6,9,1958,951,951,1,0,2,6,480,143500
6,6,1957,1105,1105,1,0,3,5,308,135000
5,7,1957,992,1306,1,0,2,5,756,153000
6,6,1958,160,1142,1,0,2,5,384,113500
5,7,1949,832,1268,1,0,3,6,288,133000
5,4,1950,1208,1904,1,1,3,7,240,138000
5,6,1958,1041,1041,1,0,3,6,294,128000
5,6,1958,1029,1339,1,0,3,6,294,139000
5,7,1952,732,732,1,0,2,4,240,118900
5,5,1959,528,1183,1,0,3,6,288,138000
5,5,1959,1148,1148,1,0,3,6,672,132500
4,7,1949,832,1461,2,0,4,6,384,133500
6,7,1948,864,1495,1,0,3,6,576,135000
6,5,1964,780,1806,1,1,4,8,483,144750
6,6,1963,1045,1045,1,0,3,6,264,127000
5,6,1910,440,1230,1,1,2,5,440,110000
6,8,1935,901,1378,1,0,3,6,162,128900
5,6,1941,676,1131,1,1,3,5,200,66500
5,8,1910,240,1306,1,1,3,6,472,130000
5,8,1910,504,1464,2,0,3,7,0,129000
5,6,1939,690,1558,1,1,3,7,400,150000
7,8,1946,651,1389,1,1,3,6,240,135000
5,7,1950,768,1328,1,1,3,6,308,129500
4,6,1920,861,861,1,0,2,5,288,80000
5,8,1938,190,886,1,0,2,4,273,91300
5,8,1923,624,792,1,0,2,5,287,99500
4,4,1910,677,1510,2,0,3,7,720,87500
5,7,1947,720,1284,1,1,2,5,240,110000
6,7,1900,917,2007,2,0,3,8,357,160000
6,7,1917,624,1288,1,0,3,5,280,119000
8,9,1882,916,1742,1,1,4,8,424,168000
7,9,1920,650,1482,1,0,3,7,324,143000
5,6,1890,1088,1869,1,0,2,7,456,124900
6,6,1920,972,1480,1,0,3,6,207,119000
6,7,1910,741,1521,1,0,4,8,640,146500
5,6,1923,1324,1576,1,1,3,6,528,223500
5,7,1930,297,1654,2,0,3,7,336,137000
4,6,1936,672,1324,1,0,3,6,240,128000
6,9,1937,698,1176,1,0,2,4,624,134900
5,8,1925,884,1348,1,0,3,5,216,117000
6,6,1939,780,1412,1,0,4,6,280,132500
5,5,1924,468,1142,1,0,3,6,320,93000
6,7,1926,884,904,1,0,2,4,180,119000
5,5,1924,1145,1301,1,0,2,5,440,100000
5,6,1936,927,1539,1,1,3,5,576,141500
4,7,1935,884,1573,1,0,3,6,240,133000
5,7,1931,715,875,1,0,2,5,180,105000
5,6,1925,960,995,1,0,2,5,264,115000
5,6,1938,952,1582,2,0,3,6,250,150000
5,5,1925,1072,1072,1,0,2,5,1184,126500
6,6,1915,1048,1768,2,0,3,8,576,155000
7,8,1915,910,1826,1,1,4,7,164,155000
7,8,1915,672,1944,2,0,3,8,216,179900
6,6,1912,755,2229,1,0,5,8,0,104000
6,5,1927,720,1930,2,0,4,8,316,149000
4,5,1925,780,1208,1,0,2,5,539,103000
6,6,1927,1204,1666,1,0,3,4,384,135000
4,6,1923,858,892,1,0,1,5,0,70000
4,9,1946,560,704,1,0,2,4,220,88750
5,6,1963,520,1464,2,0,3,6,480,175000
5,6,1963,1121,1121,1,0,3,5,480,139000
6,5,1978,918,1683,2,1,3,7,440,172500
5,6,1967,1052,1052,1,1,3,6,668,113500
5,7,1967,864,899,1,0,3,5,288,130000
5,6,1982,840,860,1,0,2,4,528,137000
5,5,1961,552,1774,2,0,4,8,384,165000
6,5,1960,1138,1138,1,0,3,6,480,148000
5,8,1968,1437,1473,1,0,1,5,452,143000
6,5,1956,1436,1689,1,0,3,7,480,127500
5,5,1956,1073,1073,1,0,2,5,340,121500
5,3,1958,1276,1276,1,0,3,5,350,60000
6,7,1946,747,1639,1,1,3,6,240,154400
4,6,1941,672,672,1,0,2,4,234,113000
5,6,1954,1089,1089,1,0,3,5,252,125000
5,4,1949,768,1716,1,1,3,8,281,131000
6,5,1939,560,1258,1,0,2,6,280,105000
4,5,1940,755,1510,1,0,4,7,296,108000
7,6,1990,1054,1061,1,1,1,4,462,162000
6,5,1983,520,1338,1,1,2,5,576,156500
8,8,1983,1496,2132,1,1,1,5,612,316600
7,7,1990,2158,2196,2,0,3,7,701,271900
7,5,1993,740,1775,2,1,3,7,425,213000
7,5,1993,1079,1879,2,1,3,8,473,239900
8,5,1995,1128,2020,2,1,3,8,466,239500
5,7,1880,0,2016,1,0,4,7,576,131000
9,5,2009,1555,1680,1,1,1,8,1138,323262
8,5,2007,1705,1718,2,0,3,7,826,297000
8,5,2008,1622,1630,2,0,3,8,860,295493
9,5,2008,1720,1720,2,0,3,8,846,332000
8,5,2008,1468,1468,2,0,3,6,904,239900
8,5,2007,866,1768,2,1,3,7,578,212000
8,5,2007,1838,1838,2,0,3,7,524,272500
9,5,2007,1800,1800,2,0,2,7,702,239000
7,5,2006,1604,1604,2,1,3,8,660,220000
7,5,2007,1282,1290,2,0,2,6,662,200000
8,5,2008,1254,1254,2,0,2,5,810,221800
7,5,2007,1232,1232,2,0,2,6,632,194500
8,5,2005,1498,1498,2,0,3,7,844,237000
6,5,2005,704,1422,2,1,3,7,440,173000
5,5,1996,1040,1040,1,0,3,6,576,152000
5,7,1994,990,990,1,0,3,5,440,143000
6,5,1997,928,1764,2,1,3,7,470,231500
7,6,1996,799,1661,2,1,3,6,550,212000
7,5,1998,1463,1463,2,0,3,5,539,207000
5,5,1994,1097,1097,1,1,3,6,672,145000
5,5,1994,990,990,1,0,3,5,480,138000
7,5,1998,866,1779,2,1,3,6,546,197900
7,5,1999,1490,1501,2,0,3,6,577,204000
7,5,1999,1431,1431,2,0,3,6,666,192000
6,5,1998,928,1772,2,1,3,7,492,200000
7,5,2002,831,1660,2,1,3,7,493,195000
7,5,2002,1573,1573,2,0,3,6,544,227000
7,5,2001,944,1840,2,1,3,6,622,230000
7,5,2001,1413,1430,2,0,3,6,605,187100
7,5,2002,1431,1444,2,0,3,6,577,203000
7,5,2001,1492,1492,2,0,3,6,608,201000
5,5,1978,1040,1040,2,0,3,5,0,124000
5,7,1979,914,914,1,0,2,5,444,134900
5,7,1977,1040,1040,2,0,3,5,484,150500
5,6,1972,864,864,1,0,3,5,338,133500
5,5,1972,894,894,1,0,2,6,600,123000
5,8,1972,768,768,1,0,2,5,396,133900
5,7,1972,768,768,1,0,2,5,396,133000
7,5,2002,1569,1611,2,0,3,6,1231,250000
7,5,2002,840,1725,2,1,3,6,550,198500
8,5,1999,1462,1513,2,0,2,5,521,220000
7,5,1996,1504,1504,2,0,3,6,478,203000
7,5,1997,1417,1417,2,0,3,7,511,210000
7,5,1996,880,1716,2,1,2,7,512,191000
7,5,2001,1212,1212,2,0,3,6,573,178000
7,5,2000,1630,1630,2,0,3,6,451,213000
8,5,2007,1578,1602,2,0,3,7,810,293200
7,5,2004,864,1728,2,1,3,7,572,190000
7,5,2004,1500,1500,2,0,3,6,570,190000
6,5,2005,738,1476,2,1,3,7,540,173500
6,5,2007,608,1396,2,1,3,6,440,170000
4,5,1949,0,1126,2,0,2,5,520,108000
5,7,1964,1486,1486,1,0,3,7,480,167000
4,6,1938,816,816,1,0,2,3,288,100000
7,5,2003,0,1922,3,0,4,7,672,198500
6,6,1977,690,1426,1,1,3,6,440,159500
4,6,1960,1014,1149,1,0,3,7,544,127000
6,6,1976,1041,1125,1,0,3,6,352,125000
9,5,2007,1698,1698,2,0,3,8,768,320000
5,9,1947,698,698,1,0,2,4,0,118000
4,5,1959,876,876,1,0,3,5,320,85000
5,5,1950,1078,1368,1,0,3,6,195,120000
5,8,1922,864,864,1,0,2,4,0,99900
5,5,1956,1150,1560,1,0,2,7,313,103500
6,8,1920,684,1196,1,0,3,7,528,110000
5,6,1941,720,1298,1,0,3,6,256,122000
5,5,1941,984,1604,2,0,3,6,660,117000
5,4,1938,832,1268,1,1,3,7,250,160000
5,5,1932,793,1520,1,0,3,6,281,159434
6,7,1940,778,1489,2,0,3,7,240,139500
7,3,1920,824,3082,2,1,5,12,672,197000
6,6,1935,583,1242,1,1,3,6,180,105000
4,3,1928,1122,1981,2,0,4,7,576,135000
6,8,1916,816,1232,1,0,3,6,440,147500
6,6,1925,976,1608,2,1,3,7,216,137450
7,9,1936,560,1135,1,0,3,6,576,155000
6,6,1928,896,1913,1,1,3,9,342,177000
7,7,1928,861,1477,2,0,3,6,216,145000
7,8,1918,600,1228,1,0,3,6,215,137000
7,9,1926,1276,2080,1,1,3,9,282,234000
5,6,1940,840,1567,1,1,2,6,440,205000
5,7,1940,728,1308,1,1,2,7,256,160000
5,4,1960,1273,1273,1,0,2,5,307,155000
5,7,1921,876,964,1,0,2,5,432,163500
5,6,1921,731,1343,1,1,3,7,186,154900
5,6,1954,1112,1112,1,0,2,6,390,144800
7,7,1941,704,1564,1,1,3,7,234,174500
6,6,1960,1561,1561,2,0,3,6,463,193000
6,8,1950,1092,1152,1,0,3,6,300,158500
6,5,1954,1310,1906,1,1,3,6,576,224000
5,7,1920,672,1344,1,0,3,6,468,147000
8,5,2000,1107,2052,2,1,3,7,642,251000
7,5,2003,1434,2149,1,1,1,6,670,239686
7,5,2004,1710,1710,2,0,3,7,550,240000
6,5,2001,804,1961,2,1,3,7,560,215000
6,6,1977,902,926,1,0,2,5,351,156450
6,7,1977,957,1287,1,1,2,5,541,173000
5,5,1991,1582,1595,2,0,2,5,672,152000
7,5,1965,2136,2036,2,0,3,8,513,375000
9,5,2007,1620,1620,2,0,2,6,912,315500
7,5,2009,846,1692,2,1,3,6,650,224500
9,5,2008,2190,2036,2,0,3,9,780,410000
9,5,2008,1641,1641,2,0,3,7,885,316500
8,5,2007,1466,1466,2,0,3,7,610,201000
6,5,1988,1392,1412,2,0,3,6,576,175000
7,5,1987,1645,1479,2,1,3,7,578,213500
7,5,2003,912,2014,2,1,3,9,486,170000
9,5,2006,1838,1838,2,0,2,8,765,315000
9,5,2007,1978,1978,2,0,2,7,920,425000
5,7,1968,1008,1008,1,0,3,6,384,139500
5,4,1960,0,1771,1,0,3,9,336,115000
5,6,1968,864,874,1,0,3,5,288,130000
5,5,1969,1188,1404,2,0,3,7,504,160000
5,8,1972,796,796,1,0,2,4,336,131900
6,5,1993,384,1091,1,0,2,5,429,131250
5,6,1992,828,883,1,0,2,5,698,149000
5,5,1993,796,1362,1,1,1,5,480,143000
5,5,1992,624,1287,1,1,3,6,440,130000
5,7,1969,784,1632,1,1,4,7,898,173000
6,8,1958,1184,1414,1,0,3,6,601,176500
6,5,1969,952,2112,2,1,4,9,576,206900
6,5,1997,926,1604,2,1,3,7,470,187500
6,5,1995,680,1470,2,1,3,7,420,165000
6,5,1998,926,1604,2,1,3,7,472,195500
6,5,1998,943,1638,2,1,3,7,472,192000
5,5,1996,1348,1384,2,0,3,7,404,177900
7,5,1996,729,1446,2,1,3,6,406,175000
8,5,1997,1664,1682,1,1,1,6,528,247900
6,5,1997,926,1604,2,1,3,7,470,181000
6,5,1998,932,1633,2,1,3,7,460,183000
8,5,2005,1168,2500,3,1,5,9,683,355000
9,5,2005,1122,2504,2,1,4,11,656,325000
9,5,2004,1884,1884,2,0,2,7,670,387000
7,6,1986,791,2093,2,1,3,7,542,215000
7,6,1988,1675,1688,2,0,2,6,528,226500
6,6,1981,1422,1422,2,0,3,7,576,175500
7,5,1978,2048,2064,2,0,3,7,550,235000
7,5,1979,1782,1782,2,0,3,6,551,220000
6,5,1976,1211,1211,2,0,3,6,461,161000
7,6,1980,738,2044,2,1,3,7,489,185000
5,6,1969,720,1308,1,1,3,7,484,146900
6,5,1976,1193,1523,2,0,3,7,478,180000
6,5,1976,1444,1444,2,0,2,5,473,159900
7,6,1976,803,1964,2,1,4,8,483,205000
5,6,1973,1176,1178,1,1,3,5,439,157000
6,8,1969,1054,1054,1,1,3,6,460,151000
4,6,1969,936,936,1,0,2,4,288,111900
5,5,1971,864,864,1,0,3,5,576,123000
8,5,2008,1932,1932,2,0,2,7,774,394617
10,5,2007,1682,2332,2,1,3,9,846,426000
10,5,2007,2078,2084,2,0,2,7,1220,385000
9,5,2008,1452,2713,2,1,3,11,858,446261
8,5,2007,1582,1582,2,0,3,7,905,317500
8,5,2007,1710,1710,2,0,2,6,866,372402
8,5,2007,2418,2464,2,1,4,9,650,417500
9,5,2007,1950,1950,2,0,2,7,706,383000
9,5,2006,1850,2748,2,1,4,9,850,390000
10,5,2005,1620,2790,2,1,4,10,1150,460000
9,5,2005,1414,2331,2,1,3,9,1003,379000
8,5,2007,948,2088,2,1,4,10,656,250000
8,5,2004,1148,2332,2,1,4,9,756,316000
10,5,2003,2535,2470,1,1,1,7,789,615000
9,5,2003,1572,2668,2,1,3,10,726,412500
7,5,2003,998,2046,2,1,3,8,871,284000
8,5,2003,1603,1575,2,0,2,7,732,284000
8,5,2001,1479,2649,2,1,4,10,746,421250
8,5,2003,1765,2690,2,1,4,9,795,370000
7,5,2007,1266,1266,2,0,2,6,388,159895
7,5,2007,1146,1246,2,0,2,5,428,187687
6,5,2004,789,1515,2,1,3,8,393,179000
6,5,2004,839,1593,2,1,3,8,398,193000
7,5,2005,856,1166,2,0,2,5,400,190000
6,5,2005,728,1456,2,1,3,8,400,176000
6,5,2000,936,1792,2,1,3,8,451,186500
7,5,2000,982,1892,2,1,3,8,431,226750
7,5,2004,788,1490,2,1,3,8,388,184000
7,5,1999,1037,2322,2,1,4,8,400,225000
7,5,1999,831,1651,2,1,3,7,450,185900
8,5,1997,1173,2199,2,1,3,9,516,284500
8,5,1998,1470,2630,2,1,4,8,696,315000
8,5,2000,1145,2198,2,1,4,9,836,250000
8,5,1998,1982,2006,2,0,2,5,938,350000
7,5,1996,1064,2125,2,1,4,12,576,279500
8,6,1995,2109,2113,2,1,2,7,839,350000
7,5,1993,1311,2418,2,1,3,9,983,341000
7,5,1993,1080,2197,2,1,4,9,783,287500
7,5,1994,1223,2127,2,1,3,5,525,271000
8,5,1994,1986,1987,2,0,2,7,691,301500
8,5,2007,1580,1580,2,0,3,7,830,235128
6,5,2007,894,1933,2,1,4,9,668,214000
8,5,2006,1574,1574,2,0,3,7,824,232000
7,5,2006,1578,1578,2,0,3,7,642,240000
9,5,2008,1498,1506,2,0,2,6,592,264132
8,5,2007,1563,1563,2,0,3,6,758,245000
7,5,2008,1417,1428,2,0,3,6,554,227680
8,5,2007,1341,1861,3,0,3,7,851,257000
8,5,2007,955,1874,2,1,3,8,880,297900
8,5,2006,1460,1460,2,0,3,6,480,247000
8,5,2007,1363,1372,2,0,3,6,588,212700
7,5,2007,1372,1372,2,0,3,6,529,250580
7,5,2007,1428,1428,2,0,3,6,480,182000
7,5,2005,866,1768,2,1,3,7,603,226700
8,5,2003,1053,1992,2,1,3,9,648,250000
7,5,2005,1026,1958,2,1,3,9,936,250000
8,5,2007,1034,2078,2,1,3,8,836,339750
7,6,2007,813,1665,2,1,3,7,562,205950
8,5,2007,1660,1660,2,0,3,7,660,256000
7,5,2007,1218,1218,2,0,2,6,462,230348
6,5,2003,864,1728,2,1,3,7,673,207500
7,5,2004,1080,1080,1,0,3,6,0,141000
6,5,2003,835,1696,2,1,3,7,542,188000
7,5,2003,835,1663,2,1,3,8,478,192500
6,5,2005,1175,1175,1,0,3,6,0,146000
5,5,2004,1114,1114,1,1,3,6,576,159000
6,5,2003,1114,1114,1,0,3,6,576,155000
6,5,2004,798,1640,2,1,3,6,520,173000
7,5,2007,1162,1162,2,0,3,6,483,170000
6,5,1995,754,1609,2,1,3,6,525,182000
6,5,1993,886,1680,2,1,3,7,474,163000
6,5,1994,1408,1679,2,0,3,7,575,193500
7,5,1994,832,1657,2,1,3,6,483,189000
6,5,2001,827,1677,2,1,3,7,627,190500
7,5,1992,836,1737,2,1,3,7,506,175000
6,5,1993,832,1710,2,1,3,7,506,187000
5,5,1963,984,984,1,0,3,5,384,128000
5,8,1961,864,864,1,0,3,5,420,135000
5,5,1963,864,864,1,0,3,5,276,119916
6,8,1961,912,912,1,0,3,5,288,142000
6,5,1974,1430,1430,2,0,3,6,484,192000
5,4,1972,1001,1641,2,0,4,5,490,140000
9,5,1993,1848,2786,2,1,4,10,636,372500
7,5,2001,858,1789,2,1,3,7,546,223000
8,9,1976,1426,1671,3,0,3,6,550,290000
7,6,1970,1304,1682,2,0,3,7,530,174000
6,5,1968,1740,1740,1,1,4,8,512,150000
6,7,1971,1258,1258,2,0,3,5,528,145000
6,7,1974,1522,2614,2,1,4,9,624,240000
5,6,1968,732,1464,1,1,4,7,470,141000
5,8,1965,912,912,1,0,2,5,576,147000
5,7,1965,912,925,1,0,3,5,576,135000
6,6,1974,901,1876,2,1,4,8,540,185000
5,5,1956,0,1014,1,0,2,6,267,98000
4,6,1957,907,907,1,0,3,5,352,109008
5,6,1963,1120,1128,2,0,3,6,525,155000
6,5,1964,1425,1425,2,0,3,7,576,180500
6,7,1966,1127,1165,1,1,3,6,490,174900
6,6,1965,1136,1136,1,0,3,5,384,140000
6,7,1964,1092,1092,1,0,3,6,504,145000
5,8,1965,1219,1265,2,0,3,6,502,179900
6,5,1964,1248,1350,1,1,3,6,520,168500
5,5,1961,1114,1114,1,0,3,5,451,140000
5,7,1959,1053,1053,1,1,3,5,312,145500
6,6,1959,1252,1252,1,0,3,7,528,142000
3,6,1935,270,729,1,0,2,5,0,52000
4,7,1937,348,906,1,0,2,5,231,87000
5,6,1960,1296,1496,2,0,3,6,450,141500
6,5,1950,1032,1252,1,0,3,6,288,119000
5,8,1950,572,1337,1,0,3,7,264,141500
6,6,1955,992,1661,1,0,3,8,377,165500
5,5,1953,1036,1036,1,0,3,5,312,112900
6,5,1961,1362,1362,1,1,3,6,504,163000
5,6,1961,1144,1144,1,0,3,6,456,139950
6,9,1962,1319,1537,1,1,3,7,462,174000
6,5,1962,1099,1431,1,0,3,6,296,165000
6,7,1966,1104,1988,2,1,4,9,480,227000
5,5,1963,1144,1144,1,1,3,6,336,124000
5,7,1962,931,1283,1,0,3,6,506,140000
5,4,1957,1176,1176,1,0,3,6,292,136500
5,7,1959,1248,1440,2,0,2,7,480,185000
6,6,1958,1261,1261,1,0,3,6,433,163000
6,6,1958,1395,1570,1,0,3,5,441,166800
6,5,1956,1196,1196,1,0,2,6,297,139000
6,5,1957,1392,1392,1,1,3,6,458,166000
6,7,1958,1080,1080,1,0,3,5,288,136000
5,5,1956,1104,1104,1,0,3,5,384,133000
5,6,1952,720,882,1,0,2,4,240,116000
5,6,1953,1152,1152,1,1,3,6,636,137500
6,5,1957,998,1790,2,0,3,6,540,180000
5,7,1951,952,952,1,0,2,4,840,139000
5,5,1953,773,773,1,0,2,4,240,110000
5,3,1957,0,1764,2,1,4,7,301,100000
5,5,1947,832,1216,1,0,2,6,336,118500
5,8,1925,747,1159,1,0,3,5,288,114000
5,6,1945,913,1558,1,1,3,6,288,140000
4,7,1940,672,672,1,0,2,4,308,86900
5,5,1922,892,1436,1,0,3,7,1488,139000
6,6,1962,858,1716,1,1,4,8,490,171000
5,6,1968,912,1044,1,1,3,5,372,139000
7,7,1958,1312,1312,1,1,3,6,495,186000
7,7,1960,585,2069,2,0,4,9,505,242000
5,7,1953,105,910,1,0,3,5,414,116000
5,7,1951,876,876,1,0,2,5,576,94000
5,5,1950,0,1048,1,0,3,7,420,98300
5,5,1960,1075,1507,2,0,4,7,404,127000
5,6,1959,1256,1256,1,1,3,6,311,159000
5,5,1962,1027,1027,1,0,3,6,299,125900
5,6,1960,1269,1269,1,1,3,6,308,155000
6,6,1948,768,1320,2,0,3,5,576,138000
6,7,1954,936,984,1,0,2,4,280,112500
6,6,1954,832,832,1,0,2,4,528,105500
6,5,1954,854,1278,1,0,4,6,240,127500
5,6,1955,768,1588,1,1,3,6,480,150000
5,7,1954,825,825,1,0,2,4,350,109500
6,5,1963,780,1796,1,1,4,8,483,140000
6,6,1964,780,1611,1,1,4,7,442,167900
5,5,1963,1117,1117,1,0,3,6,264,136870
5,8,1904,650,1539,2,0,3,8,686,157500
5,7,1948,780,1323,1,0,3,6,400,122600
6,7,1920,1510,2792,2,0,5,8,520,256000
5,4,1940,672,672,1,0,2,4,256,64000
6,7,1915,728,1456,1,1,4,7,308,139500
7,5,2003,1362,2082,2,1,3,6,484,200000
4,6,1940,801,1656,2,0,2,8,440,119164
7,6,1920,931,1027,1,0,2,5,0,120000
5,9,1890,684,1080,1,0,3,5,0,95000
5,5,1948,789,789,1,0,2,5,250,115000
5,7,1948,924,1122,1,0,2,6,528,147000
5,6,1946,904,1499,1,0,3,5,869,140000
5,6,1957,928,928,1,0,3,5,288,112500
4,7,1954,901,901,1,0,2,4,281,107900
3,1,1949,448,1588,2,0,5,6,0,65000
7,9,1880,1470,3493,3,0,3,10,870,295000
5,8,1915,876,1416,1,1,4,7,720,153900
7,8,1920,624,1450,1,0,3,7,288,132000
5,7,1900,346,1017,1,0,2,5,308,114000
5,9,1905,572,1540,1,1,3,7,0,129400
7,9,1928,689,1378,2,0,3,7,360,161000
6,6,1914,742,1484,2,0,3,9,0,128000
10,9,1893,1237,2775,3,1,3,9,880,325000
7,7,1890,1313,2495,2,0,5,10,342,184000
5,6,1959,984,984,1,0,2,5,308,110000
5,5,1956,0,882,1,0,2,4,308,97000
4,6,1958,869,1093,1,0,2,5,308,115500
5,7,1928,1008,1143,1,0,2,5,288,138000
5,6,1930,742,935,1,0,2,4,308,79500
5,6,1924,784,784,1,0,2,5,0,109500
5,7,1941,672,1210,1,0,3,6,240,124000
6,9,1900,554,1290,1,1,3,6,200,106900
6,7,1940,981,1672,1,1,3,6,240,164900
5,7,1924,949,949,1,0,2,5,370,119000
6,7,1929,862,1158,1,0,3,5,208,120000
6,7,1937,825,1497,2,0,3,5,672,157000
6,5,1939,739,1342,2,0,2,7,240,105000
6,7,1926,992,1013,1,0,3,6,160,113000
5,7,1920,565,1216,1,0,3,6,355,115000
4,7,1929,704,1136,1,0,2,6,336,123000
5,7,1930,1078,1573,2,0,3,8,360,162900
7,5,1939,989,2009,2,0,4,7,400,150000
5,5,1923,1100,1902,2,0,4,7,576,123500
7,5,1931,952,1774,2,0,2,8,468,129900
6,8,1920,611,1362,2,0,3,6,502,128000
5,5,1948,672,1285,1,0,2,6,240,127000
6,7,1923,833,1848,1,1,4,8,370,207000
7,6,1925,1026,1820,2,0,4,8,240,184000
6,4,1915,810,1716,2,0,4,8,672,162500
6,7,1918,816,838,1,0,2,5,275,130000
6,8,1910,796,1609,1,0,3,7,228,127500
6,6,1952,768,1536,1,1,4,7,308,136000
6,6,1938,1272,1969,2,0,4,9,400,141000
6,7,1925,1040,1040,1,0,2,5,320,127500
6,6,1925,768,1236,2,0,3,6,384,127000
5,7,1955,825,825,1,0,2,4,720,125000
6,7,1920,901,1198,1,0,4,7,0,79900
5,8,1912,451,759,1,0,1,5,576,85000
6,7,1906,756,1469,1,0,3,7,216,135000
5,5,1968,952,1211,1,0,3,5,322,134000
5,5,1948,720,1271,2,0,4,7,312,135000
4,4,1959,0,1588,2,0,4,7,680,134432
5,5,1965,1040,1040,1,0,3,5,384,129500
6,5,1978,1008,1096,1,0,3,6,484,157500
5,7,1967,992,992,1,0,3,6,294,145000
5,7,1967,894,894,1,0,3,5,450,130000
5,8,1963,960,960,1,0,3,6,300,144900
6,8,1956,988,1188,1,0,1,4,621,185000
5,6,1958,533,1601,1,0,3,6,300,140000
5,8,1940,672,672,1,0,2,4,240,108000
5,7,1941,576,1350,1,1,2,6,627,152400
7,5,1977,1160,2022,2,1,4,8,505,192000
7,6,1979,1524,1524,2,0,3,7,478,245000
7,7,1954,1385,1363,1,0,2,5,439,241500
6,7,1959,1019,1357,1,0,2,5,312,177000
7,5,1948,570,1079,1,0,2,5,249,125600
6,5,1953,1094,1094,1,0,3,5,495,155000
6,8,1908,907,2358,3,0,5,10,360,240000
5,7,1940,1580,1518,1,0,2,5,0,260000
6,7,1918,1163,1674,2,0,4,8,396,185000
6,7,1935,1127,2108,2,0,4,7,540,235000
5,6,1956,1509,1509,1,0,3,6,322,159900
6,8,1962,621,1269,1,1,3,7,280,134500
5,8,1900,861,1367,1,0,4,7,384,119000
7,5,1990,1475,2329,2,1,4,10,514,262280
7,5,1994,1602,1626,2,1,3,7,534,226500
7,5,1996,672,2037,2,1,3,8,472,229000
7,5,2007,628,1356,2,1,3,6,484,177439
8,5,2007,1615,1615,2,0,3,7,864,248500
9,5,2008,2271,2276,2,0,3,7,1348,475000
9,5,2008,1751,1766,2,1,3,8,874,395039
7,5,1993,1080,2097,2,1,3,9,678,228000
6,5,1997,616,1688,2,1,4,8,603,200000
5,7,1994,990,990,1,0,3,5,528,155000
5,6,1995,1099,1099,1,1,3,6,352,144000
5,5,1994,990,990,1,0,3,5,672,145000
7,5,2000,782,1652,2,1,3,6,532,207500
7,5,1999,873,1790,2,1,3,7,588,193000
7,5,1998,880,1724,2,1,3,8,527,188000
7,5,1999,1468,1479,2,0,3,6,577,191000
7,5,2002,1494,1494,2,0,3,6,530,221000
7,5,2001,963,1792,2,1,3,7,564,231500
7,5,2000,928,1823,2,1,3,6,626,235000
7,5,2001,920,1786,2,1,3,6,608,223500
5,8,1977,985,985,2,0,3,6,328,149900
5,6,1975,864,1558,2,0,2,5,440,163000
5,6,1975,924,924,1,0,3,5,280,110000
5,7,1972,864,864,1,0,3,5,352,127000
5,7,1972,780,780,1,0,2,4,352,124900
8,5,2002,1777,1795,2,0,3,7,534,230000
8,5,2002,1128,2031,2,1,3,7,577,237000
8,5,1999,1004,1852,2,1,3,7,660,230000
7,5,1998,1153,2031,2,1,3,8,541,222500
7,5,2003,884,1768,2,1,3,8,543,224900
7,5,2003,1129,2327,2,1,4,9,596,240000
7,5,2003,798,1640,2,1,3,6,595,183000
8,5,1999,850,1764,2,1,3,7,560,207000
7,5,1994,915,1908,2,1,4,8,493,210000
6,5,1997,1478,1493,2,0,3,7,508,208900
7,5,2002,1536,1536,2,0,3,7,532,214000
7,5,2003,856,1710,2,1,3,8,548,208500
7,5,2004,1445,1445,2,0,3,6,470,186500
7,5,2004,1436,1436,2,0,3,8,484,210000
7,5,2004,770,1582,2,1,3,6,520,185900
8,5,2007,1234,1234,2,0,3,7,484,179900
7,6,2007,1564,1564,2,0,3,6,814,218836
7,5,2007,1351,1361,2,0,3,6,610,193000
7,5,2005,728,1456,2,1,3,7,410,189000
5,7,1910,796,796,1,0,2,4,0,85000
5,5,1966,1092,1092,1,0,3,6,264,123000
5,6,1965,1256,1256,1,1,3,6,276,147500
5,5,1976,456,1033,1,0,3,6,504,165000
6,6,1976,1127,1127,1,1,3,6,480,135000
5,6,1940,996,996,1,0,3,6,0,108000
4,5,1972,1138,1181,2,0,3,6,588,137500
7,5,2003,746,1656,2,1,3,7,397,165400
6,7,1976,684,1398,1,1,3,6,440,160500
4,5,2005,1132,1132,1,1,2,5,451,176000
5,7,1959,0,3820,3,1,5,11,624,284700
10,5,2008,6110,5642,2,1,3,12,1418,160000
5,7,1938,585,1053,1,1,2,5,0,120000
5,8,1947,0,1137,1,1,4,8,0,96000
4,5,1953,911,930,1,0,2,5,286,99000
5,6,1946,768,1200,1,0,3,6,240,130500
4,6,1954,941,1470,2,0,4,7,548,135000
5,7,1955,816,1393,1,1,3,8,300,135500
4,6,1954,416,1204,1,0,3,6,312,100000
4,7,1923,949,1292,1,1,3,6,205,108000
5,8,1939,720,2192,2,1,4,8,240,179500
6,5,1925,1181,1694,2,0,4,7,576,136500
7,8,1921,1228,1424,2,0,2,7,312,168000
5,6,1921,612,2601,3,1,4,8,621,189000
6,6,1926,644,1316,1,0,2,6,369,145000
6,7,1922,588,2555,2,0,3,11,672,191000
6,7,1915,840,1680,2,0,4,8,308,177000
6,6,1914,676,1264,1,0,3,6,400,147500
8,9,1925,798,1512,2,0,3,7,180,231000
6,5,1936,1064,1639,1,0,3,6,240,115000
7,6,1931,776,1502,1,1,3,6,270,149000
6,7,1934,715,1660,1,1,3,6,240,188700
8,6,1935,608,1873,1,1,4,9,786,257076
7,9,1950,832,2161,2,1,3,8,506,263400
5,5,1956,1898,1898,2,1,3,7,484,236500
6,8,1926,894,919,1,0,2,5,195,126000
6,8,1940,720,1090,1,0,3,5,240,120000
5,6,1940,740,778,1,0,2,4,924,120500
5,7,1930,780,1200,1,0,4,7,0,119000
5,5,1967,624,1656,1,1,3,7,288,126000
5,7,1930,520,912,1,0,2,5,360,99500
5,5,1958,1151,1955,2,0,4,7,356,165500
3,4,1935,894,894,1,0,2,6,1248,81000
4,6,1920,592,864,1,1,3,5,216,65000
6,6,1977,1096,1118,1,0,3,6,358,171000
6,6,1977,1196,1279,2,0,3,6,473,171500
4,5,1991,1680,1689,2,0,3,6,432,228500
8,5,2006,1518,1537,2,0,3,8,788,294000
8,5,2007,1638,1646,2,0,3,7,800,293077
8,5,2007,920,1780,2,1,3,6,612,264966
5,5,2006,352,1442,2,1,3,6,400,172500
5,5,2006,384,1394,2,1,3,7,400,167500
7,5,2008,796,1612,2,1,3,6,666,218689
6,5,1989,1495,1495,2,0,3,8,438,150000
6,5,1986,1606,1651,2,0,3,7,616,184000
6,5,1986,1256,1256,2,0,3,6,578,180000
6,5,1988,1461,1509,2,0,3,5,600,175000
8,5,2003,1432,1440,2,0,3,7,467,232500
8,5,2003,1482,2262,2,1,4,10,749,305000
8,5,2007,1884,1728,2,0,3,7,520,298751
8,5,2005,1964,1964,2,1,3,7,892,370000
5,5,2007,1092,1092,1,0,2,5,0,146000
4,5,1964,1200,1200,1,0,3,6,850,173000
5,5,1954,988,988,1,0,2,4,520,113000
5,7,1983,816,816,1,0,2,4,264,128500
5,5,1984,876,923,1,0,3,5,264,119500
5,9,1982,816,816,1,0,3,5,264,130500
5,8,1982,816,816,1,0,2,4,816,138000
5,6,1982,845,845,1,0,3,6,264,134500
6,7,1940,983,1750,2,0,4,7,423,160000
5,6,1984,864,889,1,0,3,6,484,137500
6,6,1971,1587,1587,2,0,3,7,525,167300
7,5,1970,1277,1277,1,0,2,5,526,167000
7,6,1973,2223,2223,2,0,3,8,516,244000
8,6,1970,2217,2217,2,0,4,8,621,268000
6,5,1997,916,1600,2,1,3,7,460,169000
6,5,1997,384,1384,2,1,3,7,390,161500
7,5,1996,691,1553,2,1,3,6,420,178750
7,5,1995,1237,1253,2,0,3,6,402,176000
6,5,1999,938,2299,3,1,5,7,482,204000
6,6,1964,1302,1128,1,0,3,6,480,154204
9,5,2005,1922,1922,2,0,3,8,676,377426
8,5,2005,1149,2541,3,1,4,10,729,349265
9,5,2006,2660,2338,2,1,4,8,1110,591587
8,6,2007,1419,1419,2,0,2,7,567,392000
8,5,2006,2220,2234,1,1,1,7,724,441929
10,5,2006,1742,2042,2,0,3,8,724,455000
6,7,1984,585,1868,3,1,3,7,477,178000
7,7,1981,725,1479,2,1,3,6,484,176000
7,6,1978,1529,1664,2,0,3,7,663,213000
7,5,1979,780,1930,2,1,4,9,481,192000
7,6,1977,808,1969,2,1,3,8,534,190000
6,6,1984,1153,1177,2,0,3,6,495,151500
7,6,1979,539,1725,2,1,3,6,550,197000
6,5,1979,1259,1353,2,0,2,5,478,192350
5,5,1969,780,1620,2,1,4,7,462,152000
6,5,1971,1625,1220,2,0,2,6,944,170000
5,6,1971,1484,1484,2,0,3,7,487,175000
6,6,1968,702,1743,1,2,3,7,539,175000
7,6,1976,1228,1324,2,0,3,5,585,174000
6,6,1974,1084,1877,2,1,4,8,488,178900
5,7,1971,372,1109,1,0,3,5,288,139000
5,6,1970,925,1422,1,0,3,7,576,155000
5,5,1970,914,914,1,0,3,5,368,133000
5,5,1971,950,950,1,0,3,5,280,119500
4,5,1971,858,872,1,0,3,5,480,123000
4,6,1971,864,864,1,0,3,5,528,120500
5,6,1966,988,988,1,0,3,5,360,129250
9,5,2006,1790,1816,2,0,3,7,730,356000
9,5,2007,1822,1828,2,0,3,9,774,314813
8,5,2007,1694,1694,2,0,3,7,818,318000
8,5,2006,1694,1694,2,0,3,7,856,322400
8,5,2007,1734,1734,2,0,3,7,928,318000
8,5,2007,2108,2122,2,1,2,7,938,345474
9,5,2006,2121,2121,2,1,3,8,732,415298
9,5,2007,1934,2656,2,1,3,8,1040,492000
8,5,2006,1108,2550,2,1,4,11,670,338931
10,5,2005,1994,2046,2,1,2,7,878,450000
7,5,2006,1063,2172,2,1,3,9,947,280000
9,5,2007,2552,2552,2,0,3,8,932,479069
8,5,2006,1935,1973,2,0,3,9,895,395000
9,5,2006,2153,2643,2,1,3,9,694,380000
8,5,2006,1626,1634,2,0,3,7,866,250000
8,5,2006,1976,1976,2,0,2,7,908,440000
9,5,2005,1704,2758,2,1,4,9,814,418000
10,5,2007,2320,2290,2,1,2,7,1174,500067
8,5,2007,1582,2152,2,1,3,7,728,260116
8,5,2004,1143,2473,2,1,4,9,852,317000
8,5,2007,918,2100,2,1,3,8,786,319500
8,5,2007,1582,2161,1,1,3,8,789,325624
9,5,2006,1802,1802,2,1,3,7,843,372000
8,5,2004,1706,2956,2,1,5,11,916,342000
8,5,2004,1136,2468,2,1,4,10,872,354000
8,5,2003,1317,2385,2,1,3,7,818,350000
8,5,2003,1181,2374,2,1,4,10,656,285000
7,5,2005,1614,1614,2,0,3,7,878,245700
8,5,2005,1721,1721,2,0,3,7,554,232698
8,5,2006,1298,1828,2,1,3,7,876,250000
6,5,2007,768,1496,3,0,3,7,572,181755
6,5,2005,768,1536,2,1,3,6,400,176000
6,5,2005,783,1484,2,1,3,8,393,178900
7,5,2006,608,1458,2,0,3,6,454,168165
6,5,2006,738,1495,2,1,3,7,440,171925
6,5,2006,698,1746,2,1,3,6,350,198444
6,5,2005,1326,1326,2,0,3,6,388,203000
7,5,2007,728,1456,2,1,3,8,400,179540
7,5,2007,1302,1302,2,0,3,6,436,176485
7,5,2007,1340,1340,2,0,3,6,396,181134
6,5,2006,616,1412,2,1,3,6,432,156932
6,5,2007,752,1504,2,1,3,6,440,166000
7,5,2007,728,1456,2,1,3,7,400,177594
7,6,2007,1246,1258,2,0,3,6,462,173500
7,5,2007,1266,1266,2,0,2,6,388,185485
7,5,2004,1530,1530,2,0,3,7,630,259000
7,5,2004,835,1119,2,0,2,5,437,188500
7,5,2004,384,1374,2,1,3,8,400,175000
7,5,2004,847,1959,2,1,4,8,434,215000
7,5,2006,1510,1525,2,1,3,6,534,206580
7,5,2004,840,1720,2,1,3,7,440,183500
7,5,2003,847,1948,2,1,4,8,434,211000
6,5,1999,953,1647,2,1,3,7,460,175000
7,5,2000,384,1430,2,1,3,8,400,170000
6,5,2000,915,1690,2,1,3,7,442,187000
6,5,1999,941,1644,2,1,3,7,460,185000
10,5,1996,2396,4476,3,1,4,10,813,745000
8,5,1997,1779,2551,2,1,4,8,925,384500
9,5,1998,1408,3078,2,1,4,9,806,410000
8,5,1998,1389,2582,2,1,4,9,758,322500
7,5,1998,1066,2385,2,1,4,8,600,252000
10,6,1994,2444,4316,3,1,4,10,832,755000
7,5,1996,1117,2013,2,1,3,8,455,269790
7,5,1996,1379,2398,2,1,3,8,834,315750
7,5,1995,1203,2520,2,1,4,9,721,290000
8,5,1995,1318,2531,2,1,4,9,752,290000
8,5,1992,1105,2202,2,1,4,9,517,263000
8,5,1996,1325,2538,2,1,4,8,933,330000
7,6,2007,1369,1369,2,0,3,5,605,213133
8,5,2007,1542,1542,2,0,3,6,852,260261
9,5,2006,1905,1905,2,0,3,8,788,320000
8,5,2007,1485,1464,2,0,3,6,754,282922
8,5,2006,1524,1534,2,0,3,7,484,215000
10,5,2007,1966,1966,2,0,1,6,1092,419005
8,5,2006,1623,1636,2,0,3,8,865,255000
8,5,2006,1795,1795,2,0,2,7,895,147000
7,5,2007,1528,1528,3,2,3,6,480,235876
7,5,2007,1726,1726,2,0,3,8,786,311872
7,6,2007,1689,1689,2,0,3,7,954,248328
8,5,2006,1588,1588,2,0,3,7,825,227000
8,5,2005,1538,1538,2,0,3,7,484,260000
8,5,2007,1496,1496,2,0,3,7,474,225000
7,5,2005,1494,1506,2,0,3,7,672,249000
8,5,2004,1686,1694,2,0,3,7,636,307000
7,5,2006,982,1977,2,1,3,7,574,250000
8,5,2006,1302,1830,2,1,3,7,859,221300
8,5,2007,1338,1338,2,0,3,6,598,208900
7,5,2006,1335,1335,2,0,3,6,575,210400
8,5,2007,896,1792,2,1,3,8,590,255000
5,5,2007,725,1588,3,0,3,8,561,212109
8,5,2006,1088,1959,2,1,3,8,1025,270000
8,5,2007,1184,2610,2,1,4,11,550,303477
8,5,2007,955,1880,2,1,3,8,880,310013
8,5,2006,1656,1656,2,0,3,7,826,249700
7,6,2007,874,1761,3,0,3,7,578,227875
8,5,2007,1574,1584,2,0,2,6,594,261329
8,5,2006,1685,1685,2,0,2,5,658,253000
6,5,2004,1158,2443,2,1,4,9,744,265000
8,5,2004,1580,2466,3,0,4,8,610,340000
6,5,2006,1100,1100,1,1,3,6,0,146000
7,5,2006,1143,1143,1,1,3,5,0,147000
5,5,2003,1094,1094,1,0,3,6,576,149000
7,5,2006,1461,1486,2,0,3,7,566,181000
6,5,1994,928,1721,2,1,3,7,471,201000
7,5,2000,1349,1349,2,0,3,6,539,179000
5,5,1977,894,894,1,0,2,5,308,120750
5,6,1963,970,970,1,0,2,5,624,132500
5,5,1962,1057,1057,1,0,3,6,576,132000
4,5,1961,1040,1120,1,1,3,5,544,129000
5,5,1962,1140,1696,1,1,3,8,349,143900
5,7,1968,1040,1040,1,1,3,5,686,145000
5,5,1974,1037,1037,1,0,2,5,431,129000
6,7,1973,1044,1055,1,0,2,5,542,147000
8,5,1992,1683,2872,2,1,4,9,541,285000
7,5,1997,975,1950,2,1,3,7,576,239000
7,5,1999,1339,1358,2,0,3,5,625,204000
8,5,1998,1220,2362,2,1,3,8,1105,312500
7,6,1980,2002,2362,2,1,3,8,546,255000
5,8,1976,1437,1437,2,0,3,6,528,218000
6,7,1976,528,1855,2,1,3,7,512,187000
6,8,1976,1262,1262,2,0,3,6,460,181500
8,5,1981,2461,2497,2,0,2,7,676,373000
6,6,1968,912,1152,1,1,3,7,412,143450
6,6,1970,1008,2411,2,1,4,8,570,240050
6,5,1968,1295,1295,1,1,3,6,528,164000
7,7,1972,1124,1610,2,0,3,8,515,185000
7,6,1993,1594,1594,2,0,2,6,472,188500
7,6,1993,1148,2075,2,1,3,8,473,255000
6,7,1966,1093,1093,2,0,3,6,484,158500
7,6,1973,1242,1242,1,1,3,6,528,175500
6,5,1963,1052,1052,1,0,3,6,311,127000
5,6,1967,949,1107,1,0,3,5,308,127000
5,7,1965,1073,1073,1,1,3,6,515,156000
5,5,1960,1065,1065,1,1,3,6,461,126500
6,8,1958,588,1138,1,0,3,6,264,145000
5,7,1958,912,912,1,0,2,5,297,120000
5,5,1956,894,1074,1,0,2,6,396,124000
5,7,1961,964,964,1,0,3,5,784,137500
5,7,1960,894,894,1,0,3,5,312,117600
7,6,1966,1174,1200,2,0,3,6,440,163500
6,5,1965,1042,1042,2,0,3,5,440,161000
6,7,1964,1302,1302,2,0,3,7,309,158000
6,7,1964,845,2154,2,1,5,8,539,224500
5,6,1959,1063,1327,1,0,3,7,624,150750
6,5,1950,932,932,1,0,2,4,306,124000
5,7,1940,822,908,1,0,2,4,512,138500
5,8,1958,808,808,1,0,2,5,308,112000
6,6,1964,816,1977,1,1,4,9,540,165000
5,6,1955,1078,1150,1,0,2,6,288,144000
5,5,1941,768,1376,1,0,3,6,240,105000
5,7,1942,728,1644,1,1,3,7,312,146500
6,5,1961,1218,1254,1,0,3,6,525,158500
5,5,1958,912,912,1,0,2,5,275,114500
5,5,1958,874,1524,1,1,3,7,315,144000
6,7,1957,936,936,1,0,2,4,315,141000
5,6,1956,1008,1008,1,0,3,6,308,131000
5,7,1963,1053,1053,1,0,3,6,692,142100
5,6,1958,1056,1056,1,0,3,6,308,139000
6,6,1958,1442,1442,1,1,4,7,301,157900
5,7,1954,1056,1056,1,0,3,6,260,139400
6,6,1957,1244,1244,1,1,3,6,336,150000
5,5,1960,1144,1144,1,0,3,6,336,120000
6,6,1957,1331,1721,1,0,4,8,464,174850
5,5,1957,922,922,1,0,2,5,308,116000
5,5,1956,1048,1048,1,0,3,6,286,135000
5,6,1955,1204,1411,1,0,3,7,310,130000
5,5,1955,1216,1216,1,0,3,5,336,129500
5,9,1953,864,1154,1,1,3,6,336,142000
6,6,1952,948,948,1,0,2,5,410,125000
6,7,1953,1040,1040,1,0,3,6,293,136000
5,7,1953,1008,1008,1,0,2,6,240,134500
5,8,1956,925,925,1,0,3,5,252,127000
5,5,1955,384,1360,1,0,3,6,572,130000
4,4,1955,1190,1540,1,0,4,7,352,115000
5,5,1955,923,925,1,0,3,5,390,116900
5,7,1956,928,928,1,0,2,4,252,132000
4,6,1953,1105,1647,1,0,3,6,280,153000
4,7,1890,925,1544,2,0,3,7,0,138000
5,7,1949,845,893,1,0,2,4,576,135000
5,4,1935,666,3086,3,1,4,9,1200,301600
5,6,1940,735,1034,1,0,2,5,240,109000
4,6,1956,882,882,1,0,1,4,0,103200
4,7,1925,1151,1281,2,0,1,6,580,128500
4,6,1927,656,968,2,0,4,5,216,64500
5,9,1895,736,1534,1,1,3,6,0,148000
5,6,1920,691,691,1,0,2,4,216,86000
7,5,1963,725,1651,2,0,4,6,276,172000
5,7,1961,920,888,1,0,3,5,240,120000
6,6,1968,952,952,1,0,3,5,288,128500
5,5,1969,1040,2080,1,2,5,9,504,135000
5,7,1949,672,924,1,0,3,6,576,122900
6,5,1948,1082,1082,1,0,2,5,240,119200
6,6,1949,1040,1846,2,0,3,7,315,143000
5,7,1950,876,988,1,0,3,6,276,119000
5,3,1950,864,1238,1,1,3,6,357,102000
5,8,1950,864,864,1,0,3,5,720,129000
5,7,1960,1010,1134,1,0,2,6,254,135000
5,6,1958,1170,1170,1,0,3,6,338,140000
5,5,1960,1242,1242,1,1,3,6,324,152000
5,5,1960,1377,1377,1,0,3,6,351,156500
5,6,1961,0,925,1,0,3,7,300,99000
6,8,1964,822,1851,2,1,3,7,440,187000
5,5,1962,864,1812,2,0,4,8,264,169500
5,5,1962,864,864,1,0,2,5,294,125500
5,5,1962,896,936,1,0,3,6,288,130000
5,7,1926,850,960,1,0,2,5,576,103000
5,7,1910,264,1432,2,0,2,7,360,132000
6,6,1927,845,1296,1,0,3,6,576,127500
5,6,1920,967,967,1,0,2,5,180,99900
4,7,1885,641,1047,1,0,2,6,273,100000
5,8,1940,808,1072,1,0,2,5,379,130000
5,8,1900,680,1174,1,0,2,6,576,135000
3,7,1948,649,1183,1,1,2,6,308,120000
4,7,1937,907,1131,1,0,2,7,672,89471
4,4,1920,960,960,1,0,2,5,308,108500
4,8,1900,1075,1798,2,1,4,7,342,137000
5,9,1945,686,866,1,0,2,4,0,110500
5,6,1923,968,968,1,0,2,5,480,100000
6,6,1927,728,1642,1,1,4,9,374,145000
5,8,1925,702,1472,1,0,3,6,250,125000
5,7,1910,616,1232,1,0,3,6,480,114000
6,8,1910,926,1650,2,0,3,6,468,144100
6,4,1880,1008,2210,2,0,5,8,205,117500
5,7,1930,687,1358,1,1,3,6,336,124500
7,8,1879,819,2454,2,0,3,8,576,185000
6,7,1926,1149,1616,2,0,3,5,216,152000
5,6,1948,1559,1559,1,0,2,5,812,153500
7,8,1890,718,2554,1,1,3,8,704,159500
5,5,1930,912,1248,1,0,2,6,160,87000
4,6,1956,0,968,1,0,2,5,331,104500
4,7,1949,0,1382,2,0,1,6,384,110000
5,6,1950,910,1435,1,0,3,6,308,128250
5,5,1920,915,1167,1,0,3,6,495,144000
6,7,1923,1065,1635,1,1,3,6,440,210000
5,7,1939,728,1274,2,0,3,6,224,135000
6,6,1939,600,1232,1,1,3,6,217,128000
6,6,1941,735,1218,1,0,3,6,440,131000
5,7,1939,884,884,1,0,2,5,240,113000
5,8,1939,672,1322,1,0,4,7,280,132000
5,7,1930,966,1426,1,0,3,6,230,131750
5,6,1926,756,1281,1,0,2,6,379,132500
5,8,1920,939,1513,1,1,4,8,180,137500
7,8,1929,832,854,1,0,2,5,576,132000
6,6,1931,884,1367,1,0,3,6,560,127500
6,8,1918,1100,2264,2,1,4,8,408,200000
6,6,1919,764,1824,1,0,3,8,520,180500
6,7,1920,768,1376,1,0,3,7,576,165000
5,5,1926,750,1316,1,0,4,7,576,90000
6,7,1915,698,1396,1,0,3,7,384,153575
7,7,1930,637,1108,1,0,3,6,280,139400
6,6,1963,741,2294,3,0,5,9,658,202500
6,7,1914,684,1355,1,1,3,7,0,127000
6,6,1937,780,1375,1,1,3,6,544,141000
7,9,1950,976,1952,1,1,4,8,299,212300
6,5,1915,1138,2180,1,1,3,7,720,161000
4,7,1916,1196,1196,1,0,2,5,440,109900
5,7,1930,672,840,1,0,3,5,0,87000
4,1,1910,771,1484,2,0,3,6,264,50000
7,8,1937,1005,2267,1,1,3,7,498,219000
5,6,1946,1598,3086,3,0,3,12,0,200500
5,5,1964,1420,1452,1,0,2,6,572,158450
4,3,1964,1005,1005,1,0,3,5,440,115400
4,5,1961,1029,1029,1,0,3,5,261,118500
5,8,1964,980,1020,2,0,3,5,528,165000
6,5,1966,814,913,1,0,3,6,240,129000
5,5,1966,894,894,1,0,3,5,384,125000
5,5,1968,876,897,1,0,3,5,264,115000
5,7,1966,955,955,1,0,3,6,386,127000
5,5,1968,894,894,1,0,3,5,450,129000
6,5,1977,660,1285,1,1,3,7,528,143500
5,5,1956,1240,1375,1,0,3,6,323,187000
5,4,1920,671,2654,3,0,4,11,638,158000
7,8,1940,680,1302,1,1,2,6,224,165250
6,5,1954,967,1299,1,0,3,6,494,150000
5,6,1958,1158,1176,1,0,3,6,303,137000
6,5,1988,1151,2060,2,1,4,8,521,211000
6,7,1954,1288,2422,3,0,4,6,527,255000
6,7,1950,1202,2158,2,0,4,7,576,243000
6,6,1954,988,1626,1,1,3,6,332,154000
5,5,1958,864,864,1,0,3,6,399,118000
4,7,1920,528,605,1,0,2,5,0,86000
5,6,1951,1342,1342,1,0,4,7,256,125000
5,6,1957,0,1340,1,0,3,7,252,120000
6,5,1984,1105,1822,2,0,4,7,515,228500
7,5,1990,910,1442,2,0,3,6,719,179900
7,5,1990,700,2243,2,1,4,8,746,225000
7,5,1986,1502,2730,2,1,4,8,576,301000
7,5,1991,1104,2127,2,1,4,8,833,238000
7,6,1989,807,1982,2,1,3,7,575,228500
7,5,1994,779,1958,2,1,3,7,499,220000
7,5,2007,1264,2696,2,1,4,10,792,383970
8,5,2006,1466,2828,3,0,4,11,1052,424870
8,5,2007,1643,1651,2,0,3,7,870,250000
8,5,2006,2140,2140,2,1,3,8,894,360000
7,5,2006,1494,1494,2,0,3,7,840,279500
7,5,2007,1316,1316,2,0,3,6,440,200141
8,5,2007,1643,1651,2,0,3,7,870,246500
8,5,2007,1482,2574,2,1,3,10,868,276000
7,5,2005,1274,1274,2,0,3,6,508,203000
7,5,2006,728,1456,2,1,3,8,440,155835
7,5,2006,1240,1240,2,0,2,5,826,194000
7,5,2007,1208,1208,2,0,2,6,628,195400
7,5,2005,1546,1546,2,0,3,7,796,217000
8,5,2006,1489,1500,2,0,3,7,674,212999
7,5,2005,1270,1270,2,0,2,6,524,175900
7,5,2005,879,1795,2,1,3,7,578,191000
6,5,2006,1314,1314,2,0,3,6,440,176432
8,6,1976,966,1743,0,1,0,5,529,279000
5,5,1994,990,990,1,0,3,5,299,126000
6,5,1995,1200,1200,2,0,3,6,521,177500
6,6,1997,635,1308,2,1,3,6,497,175000
5,7,1994,990,990,1,0,3,5,384,146000
5,5,1996,1097,1097,1,1,3,6,242,147900
4,5,1994,990,990,1,0,3,5,0,123600
6,5,1997,824,1786,2,1,3,7,684,204750
7,5,1999,988,1873,2,1,3,7,597,235500
7,5,1998,853,1753,2,1,3,7,534,217000
7,5,2001,845,1690,2,1,3,7,517,190550
7,5,2003,1453,1479,2,0,3,7,558,226000
7,5,2003,840,1668,2,1,3,8,500,180000
5,5,1974,864,894,1,0,3,5,440,131000
5,5,1976,1015,1025,2,0,3,6,370,153500
5,7,1977,995,1009,2,0,3,6,576,160000
5,5,1977,1040,1040,1,1,3,5,748,134900
5,4,1977,876,907,1,0,3,5,308,130000
5,6,1975,864,879,1,0,3,5,440,120000
5,5,1972,882,882,1,0,3,5,461,112500
5,6,1975,969,969,1,1,3,5,440,122000
5,5,1972,864,864,1,0,3,5,576,127000
4,8,1972,385,875,1,0,3,5,728,117000
8,5,2004,2000,2000,2,0,3,8,888,305900
7,5,2002,1459,1459,2,0,3,6,527,192000
7,5,2003,979,1932,2,1,3,7,610,213000
7,5,2002,860,1729,2,1,3,7,542,200000
8,5,1998,1028,2452,2,1,4,9,683,267000
8,5,1994,1556,1592,2,0,3,7,484,228000
9,5,2002,1626,1668,2,0,3,7,702,285000
8,5,1995,1220,2090,2,1,3,8,556,240000
8,5,1999,1341,1341,1,1,1,5,482,246900
7,5,2003,847,1928,2,1,4,8,434,219500
7,5,2003,1337,1337,2,0,3,6,531,185000
7,5,2007,738,1476,2,1,3,7,552,179400
7,5,2006,939,1797,2,1,3,8,639,213500
7,5,2004,1422,1422,2,0,3,7,626,179600
7,5,2005,1169,1190,2,0,2,5,578,173500
6,5,2006,1330,1330,2,0,3,6,437,167840
7,5,2006,738,1491,2,1,3,7,484,168675
5,5,2005,768,1536,2,1,3,6,400,167000
5,7,1965,1214,1214,1,0,2,6,461,140000
5,5,1967,936,936,1,0,2,4,384,118500
4,6,1963,1088,1088,1,0,2,4,520,110000
4,5,1965,960,960,1,0,3,6,432,94750
5,6,1925,901,1351,1,0,3,7,576,122000
6,6,1960,1179,1179,1,0,2,5,622,110000
6,6,1976,960,1044,1,0,3,7,528,133500
5,5,2006,1125,1125,1,1,2,5,430,155000
5,5,2005,1090,1090,1,1,2,5,450,157000
5,5,2005,734,1408,2,1,3,6,489,171500
10,5,2008,5095,5095,2,1,2,15,1154,183850
10,5,2007,3138,4676,3,1,3,11,884,184750
5,7,1959,960,960,1,0,2,4,392,131750
4,5,1954,864,948,1,0,3,5,248,111000
3,6,1931,544,774,1,0,3,6,0,79000
6,8,1920,660,865,1,0,2,4,216,108500
4,5,1954,894,894,1,0,3,5,400,110000
4,5,1955,768,768,1,0,2,4,355,125000
4,5,1955,864,864,1,0,3,5,528,79275
4,6,1954,948,948,1,0,3,5,280,119000
6,7,1923,602,1502,1,1,3,7,180,165000
5,5,1926,1290,1422,1,0,3,6,352,136500
6,7,1921,651,1298,2,0,2,8,240,146500
5,7,1937,731,1768,1,1,3,7,240,175000
7,8,1930,531,1098,1,0,2,5,216,148500
7,8,1918,912,1426,1,1,3,7,216,189950
6,8,1926,686,1461,1,0,3,6,225,135000
7,5,1941,918,1646,2,0,4,7,240,164000
5,6,1910,661,1250,2,0,3,8,552,139000
5,7,1938,920,954,1,0,2,5,240,119750
7,7,1927,851,1718,2,1,4,8,264,238000
5,5,1951,0,1226,1,1,2,7,400,153500
8,6,1934,965,3194,2,1,4,10,380,359100
4,6,1930,930,1755,2,0,4,7,231,188000
8,8,1932,853,2727,2,1,3,10,440,315000
6,8,1945,1028,2320,2,1,3,9,180,259500
6,7,1957,1477,1839,2,0,3,7,416,257500
7,6,1940,800,1740,1,1,3,6,240,219500
8,5,1986,279,2726,2,1,2,6,691,315000
6,7,1940,720,1215,1,0,3,6,720,141000
5,7,1925,936,1601,2,0,3,6,0,129850
4,5,1939,732,1123,1,0,3,4,264,100000
5,7,1922,816,816,1,0,2,5,100,75200
6,5,1920,1012,1012,1,0,2,6,308,118400
5,2,1920,961,1077,1,0,2,6,338,67000
5,5,1950,910,1558,1,1,4,6,282,152000
2,4,1939,0,845,1,0,1,4,256,68104
4,6,1957,1073,1073,1,0,3,6,720,140000
5,9,1930,837,1001,1,0,2,5,216,124900
6,5,1983,1084,1080,1,1,3,5,484,134000
5,5,2002,1441,1392,2,0,3,6,650,215000
7,5,2002,1409,1409,1,1,1,4,576,245000
6,6,1974,970,1026,1,0,2,5,528,143000
5,6,1959,1350,1328,1,1,2,5,308,170000
6,8,1958,585,2279,2,1,4,7,461,257000
7,5,2006,1689,1689,2,0,3,7,433,231713
8,5,2006,1546,1564,2,0,2,6,502,267300
8,5,2006,1476,1484,2,0,2,6,472,265900
8,5,2007,1571,1571,2,0,3,7,722,239000
8,5,2006,1638,1646,2,0,3,6,870,248900
7,7,1985,1265,1240,2,0,3,6,528,174000
7,5,1990,1156,1717,2,1,3,7,400,187500
7,5,2003,868,1146,2,0,3,6,438,187500
8,5,2002,1922,1922,2,0,2,6,692,282000
8,5,2002,1616,1629,2,0,3,9,808,270000
5,4,1963,1572,1572,1,1,3,5,995,186700
8,5,2006,1732,1776,2,0,3,7,712,283463
10,5,2006,1824,1824,2,0,3,8,932,392000
8,5,2005,1094,2482,2,1,4,9,642,281213
5,5,2007,1120,1120,1,0,3,6,0,147000
3,5,1953,0,2034,1,0,2,9,1041,130000
4,5,1963,1064,1040,1,0,3,5,648,132250
5,5,1977,923,1008,1,0,1,4,678,153500
5,6,1977,1160,1676,1,1,3,6,672,196000
5,7,1977,716,1432,1,1,3,6,531,157000
5,7,1971,796,796,1,0,2,5,0,138000
5,7,1970,768,768,1,0,2,5,624,129500
4,6,1982,845,845,1,0,2,4,360,129500
5,7,1982,816,816,1,0,2,5,264,124500
5,7,1983,816,816,1,0,2,4,264,139000
5,5,1991,974,974,1,0,3,5,0,93500
5,6,1984,864,887,1,0,3,5,288,124500
6,6,1956,1008,1024,1,0,2,5,313,157500
7,6,1969,1851,1851,2,0,3,8,506,192100
6,5,1997,813,1525,2,1,3,6,400,183500
6,5,1996,821,1776,2,1,3,7,443,202000
6,5,1997,802,1511,2,1,3,8,413,185000
7,5,2005,1392,2462,2,1,4,9,576,320000
7,5,2006,1670,1670,2,0,3,7,690,240000
8,5,2005,1074,2064,2,1,4,7,527,250000
8,5,2005,893,1801,2,1,3,8,800,239900
7,5,2005,1700,2212,2,1,3,9,773,309000
7,5,2006,868,2021,2,1,3,9,422,274725
8,5,1994,2062,2687,2,1,4,9,618,270000
7,5,1998,935,1632,2,1,3,8,462,176500
9,5,2005,1398,2798,3,1,3,11,670,457347
10,5,2006,1528,3390,3,1,5,10,758,545224
9,5,2006,1094,2473,2,1,4,11,675,356383
9,5,2005,1992,2868,3,1,4,11,716,556581
8,5,2006,1234,2576,2,1,4,10,666,361919
10,5,2006,1850,2698,2,1,4,11,736,535000
9,5,2005,1390,2795,3,1,4,10,660,401179
10,5,2006,1410,2945,3,1,3,10,641,438780
8,5,2005,1814,1826,2,0,3,7,758,319000
9,5,2005,1910,2000,2,1,3,8,722,470000
7,7,1984,1208,1621,2,0,3,8,440,202500
7,5,1988,1845,1872,2,0,3,6,604,241500
7,5,1978,945,1857,2,1,4,8,482,188900
6,6,1980,1686,1686,2,0,3,7,612,207500
7,5,1978,1392,2784,3,1,5,12,564,250000
6,6,1975,713,1552,2,1,3,6,434,179900
7,5,2005,960,2318,2,1,3,8,541,294323
6,6,1975,675,1875,3,0,3,8,485,184500
5,6,1975,1056,1074,1,1,3,6,495,153500
7,5,1976,832,1664,2,1,4,8,528,162900
6,6,1974,1040,1309,1,1,3,5,484,181000
6,6,1974,1103,1103,2,0,3,6,462,155000
4,5,1970,864,864,1,0,3,5,280,116050
4,4,1971,864,874,1,0,3,5,576,97500
5,7,1967,943,1387,1,0,3,6,300,145000
5,5,1967,864,900,1,0,3,6,288,123000
9,5,2004,1980,1980,2,0,3,8,770,315000
9,5,2006,1738,2589,2,1,4,11,831,412083
9,5,2006,1249,2596,3,1,4,9,840,342643
8,5,2004,1618,1618,2,0,2,6,880,252000
10,5,2006,2076,2076,2,1,2,7,850,465000
7,5,2006,1721,1740,2,0,4,8,874,293000
9,5,2005,1868,1868,2,0,2,7,1085,415000
9,5,2004,1833,1850,2,0,3,8,772,326000
8,5,2005,1158,2376,3,1,4,9,853,325300
8,5,2004,1117,2452,3,1,4,9,691,309000
9,5,2005,1090,2206,2,1,4,10,670,300000
8,5,2005,1030,2098,2,1,3,8,878,275500
9,5,2005,1606,2091,2,1,3,8,521,338500
9,5,2005,1175,2324,3,0,4,11,736,345000
8,5,2005,1209,2253,2,1,3,8,575,344133
8,5,2006,1054,2389,2,1,4,10,672,298236
8,5,2005,1524,2358,2,1,4,10,784,329900
9,5,2003,1896,1944,2,0,3,8,708,360000
8,5,2006,1085,1970,2,1,3,8,753,281000
9,5,2005,1792,1792,2,0,2,6,925,372397
9,5,2004,1780,1780,2,0,2,7,816,378000
9,5,2003,1792,1792,2,0,2,6,874,374000
9,5,2005,1848,2728,2,1,4,10,706,437154
8,5,2005,1058,1904,2,1,3,8,736,275000
6,5,2005,1316,1316,2,0,3,6,397,169990
6,5,2005,728,1456,2,1,3,8,390,170440
7,5,2006,738,1492,2,1,3,8,440,169985
7,5,2006,654,1496,2,1,3,7,426,179665
7,5,2006,879,1863,2,1,4,9,660,219210
6,5,2006,1326,1326,2,0,3,6,427,174190
6,5,2006,728,1456,2,1,3,8,429,172785
8,5,2004,1052,2373,2,1,4,9,632,258000
7,5,2006,738,1492,2,1,3,8,440,185101
5,5,2005,732,1838,2,1,4,7,372,192140
8,5,2004,707,1414,2,1,3,6,403,178000
7,5,2004,848,1598,2,1,3,7,433,201490
8,5,2000,1406,1936,2,1,3,7,504,230500
7,5,2003,783,1509,2,1,3,8,393,180000
6,5,2000,959,1671,2,1,3,7,472,173000
7,5,1999,975,2291,2,1,4,8,429,230000
8,5,1997,1396,2392,2,1,3,7,870,348000
8,5,1998,1044,1976,2,1,3,7,885,286000
8,5,2000,1160,2234,2,1,3,7,768,300000
10,5,1995,1930,3627,3,1,4,10,807,625000
8,5,1998,1086,1924,2,1,3,7,592,280000
8,5,1998,1141,2263,2,1,4,10,420,258000
8,5,1995,1342,2726,2,1,4,9,725,350000
9,5,1993,1733,3500,3,1,4,11,959,584500
8,5,1994,1165,2526,2,1,4,8,844,290000
8,5,2005,1100,1964,2,1,3,8,760,252000
8,5,2006,1670,1670,2,1,2,6,928,336820
8,5,2005,2077,2097,1,1,1,8,1134,423000
8,5,2006,1660,1660,2,0,3,8,500,290000
7,5,2005,1616,1616,2,0,3,7,834,232000
8,5,2006,1504,1504,2,0,3,7,510,199000
8,5,2006,1278,1278,2,0,2,5,584,198600
9,5,2006,2036,2640,3,1,3,11,792,405749
8,5,2006,1489,1489,2,0,3,7,776,232600
8,5,2006,1095,1939,2,1,3,8,1053,266000
7,5,2005,756,1553,2,1,3,6,615,186500
6,5,2005,858,1716,2,1,3,7,615,200825
7,5,2006,770,1576,2,1,3,6,614,197000
6,5,2006,1262,1262,2,0,2,5,572,185000
7,5,2005,1257,1266,2,0,3,6,453,176000
7,5,2006,1293,1301,2,0,2,5,572,187750
6,5,2005,1142,1142,1,1,3,5,0,139500
7,5,2005,1400,1400,2,0,3,6,612,186800
6,5,2005,1131,1131,1,1,3,6,0,132000
6,5,2005,1141,1141,1,1,3,6,484,142500
6,5,2004,1158,1158,1,1,3,5,576,158000
7,5,2005,891,1686,2,1,3,8,462,184000
7,5,2005,784,1585,2,1,3,7,449,184900
6,5,1997,941,1837,2,1,3,7,688,187000
6,5,1992,761,1603,2,1,3,7,484,175900
6,5,1992,836,1731,2,1,3,7,462,248500
5,5,1965,828,965,1,0,3,6,300,119900
5,4,1962,988,988,1,0,3,6,624,129500
6,7,1977,506,1212,1,0,3,6,492,151000
5,6,1968,882,909,1,0,3,5,294,116000
5,7,1961,912,1236,1,0,3,6,288,135000
7,4,1974,1748,2646,2,0,3,9,550,260000
8,5,1991,1288,2417,2,1,4,9,462,260000
8,5,1992,1334,2826,2,1,3,9,888,334000
8,5,1994,1624,1624,2,0,2,5,757,262000
7,5,1997,569,1694,2,1,3,6,434,200000
8,5,2001,1568,1568,2,0,3,6,564,221000
9,5,1981,1842,1842,0,1,0,5,894,385000
7,6,1968,570,1920,3,0,4,8,487,170000
6,6,1968,708,1416,2,1,3,7,776,179900
6,5,1972,732,1790,1,2,4,8,484,165150
7,6,1967,1334,1334,2,0,3,7,477,164500
7,5,1969,1164,1164,1,1,3,6,528,140000
5,5,1967,980,980,2,0,3,6,384,135500
5,5,1968,1051,1051,1,0,3,6,504,142000
5,5,1968,900,1770,1,1,4,7,530,155000
6,7,1968,976,976,1,0,2,4,504,157500
5,5,1968,1052,1052,1,1,3,5,288,138500
5,6,1968,833,898,1,0,3,6,326,140000
5,7,1967,1141,1141,1,0,3,6,568,158000
5,8,1965,864,1200,1,1,1,6,884,146000
5,5,1958,864,864,1,0,3,5,624,129900
6,6,1964,1251,1251,1,0,3,6,461,160000
5,6,1964,720,1440,1,1,4,7,480,157500
5,7,1958,1008,1053,1,1,3,6,750,150000
5,7,1960,1248,1248,1,0,3,6,286,151500
6,8,1934,816,816,1,0,2,4,240,129800
5,7,1947,938,1043,1,0,2,5,273,137000
4,7,1946,747,1230,1,1,3,5,305,121600
4,7,1923,440,869,1,0,2,4,0,85500
4,5,1926,600,747,1,0,1,5,528,79900
5,8,1908,504,1252,1,0,3,5,576,127000
5,6,1961,1251,1433,1,0,3,7,441,161000
5,6,1952,1444,1624,1,0,2,6,240,146500
5,5,1951,1056,1216,1,0,3,7,280,135000
6,7,1941,806,1578,1,0,3,5,240,133000
5,6,1949,704,1728,1,1,3,7,234,137000
5,6,1954,936,936,1,0,2,5,240,121000
5,3,1961,1235,1235,1,0,2,6,480,98600
7,6,1966,924,2157,2,1,4,8,487,226000
5,5,1954,936,1128,1,0,2,5,286,118000
8,4,1918,1360,3112,2,0,4,8,795,235000
6,7,1963,1008,1008,1,0,2,5,430,135000
5,6,1959,1144,1144,1,0,3,6,796,143000
5,5,1957,1179,1364,1,1,3,6,331,132000
6,5,1960,1383,1383,1,1,3,7,292,145250
5,6,1956,1058,1370,1,0,3,6,300,148000
5,5,1957,1092,1092,1,0,2,6,299,141000
6,6,1956,1124,1124,1,0,3,6,353,153000
5,6,1957,1070,1236,1,0,2,6,447,134450
6,8,1954,1050,1050,1,0,3,6,286,156000
6,5,1954,1367,1375,1,0,2,5,451,140000
5,6,1952,1008,1008,1,0,2,4,280,139500
6,6,1951,216,1575,1,1,2,5,400,155000
5,7,1956,301,1145,1,0,3,6,684,127000
5,5,1956,1005,1005,1,0,2,6,319,133500
5,6,1955,1056,1056,1,1,3,6,300,125000
5,6,1951,884,884,1,0,2,4,270,142000
7,5,1941,929,2039,1,1,3,7,791,167000
5,5,1956,1015,1384,1,0,2,6,896,159000
6,6,1947,784,1312,1,1,3,6,649,127000
6,6,1924,617,1310,2,0,2,6,398,112000
3,8,1930,713,713,1,0,2,5,371,99800
5,7,1954,833,833,1,0,2,4,326,117000
5,6,1921,1073,1073,1,0,2,4,326,108480
4,8,1900,448,720,1,0,1,5,280,86900
5,6,1920,1120,1130,1,0,2,5,720,120000
6,8,1915,663,1595,2,0,3,7,528,155500
4,4,1910,1077,1760,1,1,4,7,648,80000
3,4,1915,672,1214,1,0,3,6,936,105000
5,8,1936,796,1466,2,0,3,7,566,170000
6,5,1965,1088,1324,2,0,3,6,440,160000
5,5,1966,1024,1086,1,0,3,6,484,159950
6,5,1963,1083,1146,1,0,3,6,294,165000
6,7,1962,912,1734,1,1,3,7,440,159000
6,5,1962,1135,1207,1,1,3,6,264,147000
5,5,1964,912,912,1,0,2,5,288,115000
6,6,1959,655,1194,1,0,3,6,539,159500
6,6,1959,864,864,1,0,2,4,288,120000
5,7,1957,816,816,1,0,2,5,308,129900
6,6,1961,1313,1773,2,0,3,6,418,183000
7,5,1959,0,1472,2,0,2,5,484,157500
5,6,1957,1484,1600,1,0,2,6,319,207500
4,6,1950,910,1521,1,1,3,6,597,147500
5,7,1950,0,1040,1,0,2,5,625,109500
4,5,1950,0,1040,1,0,2,4,420,109900
5,5,1959,1040,1040,1,0,3,6,286,133700
5,6,1959,1150,1150,1,0,3,6,300,141000
5,4,1961,1150,1150,1,0,3,6,288,146000
6,5,1966,660,1348,1,1,3,6,453,155000
5,5,1962,925,999,1,0,3,6,300,134500
7,6,1962,1045,1045,1,0,3,6,528,120000
5,6,1962,864,864,1,0,3,5,336,105000
5,8,1900,716,2014,2,0,5,8,624,169000
5,6,1948,1212,1668,1,0,3,6,240,135000
6,8,1900,780,1416,1,0,3,7,400,156500
7,7,1925,728,1641,1,1,3,6,546,178000
7,7,1900,712,1428,1,0,4,7,576,139900
6,8,1930,813,813,1,0,2,5,270,110000
5,7,1925,844,844,1,0,2,5,216,111500
5,6,1880,636,1750,1,0,3,8,240,124000
4,5,1950,576,864,1,0,2,5,528,105000
6,8,1920,648,1118,1,0,2,6,440,116000
3,5,1905,738,1376,1,0,2,7,216,96900
5,7,1924,816,1566,1,1,5,7,450,139000
3,5,1921,492,492,1,0,1,3,200,61500
6,7,1945,770,1182,1,1,3,5,378,120000
3,8,1955,1162,1163,1,0,3,6,220,126175
3,4,1920,798,840,1,0,2,5,250,64000
7,6,1910,1226,2104,2,0,5,9,432,155000
7,6,1916,815,1690,1,0,3,7,225,144000
7,7,1920,596,1762,1,1,4,8,576,157000
6,5,1923,1200,1200,1,0,4,7,312,125000
10,9,1892,1107,3608,2,1,4,12,840,475000
5,5,1958,960,960,1,0,3,5,624,125000
6,5,1939,972,1577,1,0,3,6,312,140200
6,7,1947,1004,1664,2,0,3,7,420,159000
6,6,1934,816,1176,1,0,3,6,528,114500
3,5,1930,728,1162,1,0,3,6,258,75000
5,6,1928,1042,1576,1,0,3,8,225,149000
5,7,1930,741,1324,1,0,3,7,180,110000
6,6,1925,1103,1103,1,0,2,5,440,110500
5,7,1921,616,616,1,0,2,4,205,89000
5,6,1922,993,1048,1,0,2,5,280,113000
5,5,1925,816,816,1,0,2,4,210,109000
6,5,1962,1595,2486,2,0,5,8,576,220000
6,8,1910,485,1635,1,0,2,5,255,117000
4,5,1924,596,1430,2,0,3,7,370,107000
5,8,1910,396,1330,1,0,3,7,390,116500
6,6,1937,780,1376,2,0,3,7,198,119500
5,6,1938,803,1360,1,1,2,6,297,125500
6,6,1930,984,984,1,0,3,6,308,90000
5,5,1951,806,1422,1,0,3,7,288,137500
5,5,1950,0,1640,1,0,3,7,394,131000
5,4,1958,1062,1352,1,0,3,6,288,130000
5,3,1936,830,879,1,0,2,4,180,80000
7,5,2004,1073,1073,2,0,2,4,246,157000
4,5,1963,1051,1382,1,1,3,6,459,148000
6,8,1963,1059,1068,1,0,3,6,264,154500
5,6,1966,1164,1320,1,0,3,6,564,164500
6,7,1964,912,934,1,0,2,4,336,132000
5,6,1966,1059,1059,1,0,3,6,286,142500
6,7,1978,672,1400,1,1,3,6,440,149500
5,6,1968,1461,1721,2,1,3,7,440,180000
5,4,1957,1134,1803,2,0,3,8,484,155000
5,4,1955,1763,1779,1,1,3,6,454,170000
5,6,1963,1000,1000,1,0,1,4,575,164000
7,4,1953,1304,2287,2,0,3,7,667,225000
5,7,1971,782,810,1,0,2,4,576,130000
5,5,1974,864,894,1,0,3,5,440,142500
4,5,1954,967,1350,1,1,3,6,504,146000
5,8,1948,896,2008,3,0,3,8,230,225000
6,7,1928,672,2009,2,0,4,8,795,235000
6,8,1935,1836,3672,3,1,5,7,836,415000
5,5,1962,1776,1560,2,0,3,6,528,182000
5,6,1952,0,1488,1,0,3,7,569,135000
5,8,1955,1057,1057,1,0,3,6,288,137000
6,4,1954,994,1855,2,0,4,7,325,136900
6,5,1953,1000,1609,1,1,5,7,305,149900
5,7,1952,980,1148,1,0,2,6,308,123500
5,5,1954,0,1124,1,0,3,5,0,93000
5,3,1948,810,1456,1,0,4,7,280,91500
6,4,1989,868,2559,2,1,4,9,506,209000
8,5,1993,777,1911,2,1,3,8,471,215000
7,5,2005,1308,1876,2,1,3,7,848,229800
7,5,2005,1208,1208,2,0,2,6,632,183600
7,5,2006,1199,1220,2,0,2,6,632,194000
7,5,2006,1286,1294,2,0,2,6,662,193879
7,5,2005,1614,1614,2,0,3,7,865,221500
7,5,2006,1498,1498,2,0,2,5,675,204900
7,5,2006,1391,1962,2,1,3,7,868,239799
6,5,2006,1836,1846,2,0,3,7,495,233555
7,5,2005,1734,1734,2,0,3,7,660,260000
8,5,2005,1570,1590,2,1,2,6,754,294900
7,5,2005,945,1809,2,1,3,8,638,209700
7,5,2005,1614,1614,2,0,3,7,576,225000
7,5,2005,784,1596,2,1,3,6,610,181000
8,5,1992,908,1915,2,1,3,8,506,220000
7,5,1975,1533,1533,2,0,2,5,576,280000
6,5,1968,1388,1388,2,0,3,6,522,158900
5,5,1996,870,914,1,0,2,5,576,148000
5,6,1996,1100,1100,1,1,3,5,462,145000
6,5,1995,781,1499,2,1,3,6,473,187000
5,5,1995,990,990,1,0,3,5,576,156000
7,5,2000,1525,1525,2,0,3,6,541,235000
6,5,1997,1479,1494,2,0,3,6,576,217000
7,5,1999,1588,1588,2,0,3,6,472,214000
7,5,1999,842,1749,2,1,3,7,515,196000
7,5,1999,951,1779,2,1,3,7,586,217000
7,5,2002,916,1861,2,1,3,8,492,200000
7,5,2002,936,1776,2,1,3,7,474,192500
7,5,2001,1541,1541,2,0,3,6,843,205000
5,5,1976,911,954,1,0,3,6,576,132500
6,6,1977,675,1388,1,1,3,6,317,157500
6,6,1978,995,1282,2,0,3,6,672,174000
5,6,1969,971,971,1,1,3,5,300,128500
5,7,1972,864,864,1,0,3,5,288,128500
5,7,1972,894,894,1,0,3,5,552,149900
5,8,1972,864,864,1,0,3,5,297,119900
8,5,2002,1065,1989,2,1,3,7,586,255000
6,5,1999,840,1755,2,1,3,7,530,214000
7,5,2002,872,1909,2,1,4,8,529,197000
8,5,1999,1090,2214,2,1,3,8,646,268500
7,5,1998,1054,1939,2,1,3,8,555,227000
7,5,1995,930,1995,2,1,4,8,610,237000
7,6,1998,1108,2097,2,1,3,8,583,274300
7,5,2004,1860,1836,2,0,3,8,484,216837
8,5,2006,1079,1919,2,1,3,8,685,233230
7,5,2003,1390,1390,2,0,3,7,545,207000
7,5,2004,847,1948,2,1,4,8,434,195000
6,5,2003,1682,1700,2,0,3,7,544,200000
7,5,2006,851,1737,2,1,3,7,578,203160
7,5,2005,784,1611,2,1,3,6,572,195800
7,5,2005,1552,1552,2,0,3,7,782,212900
7,5,2004,860,1720,2,1,3,7,565,196500
7,5,2005,1336,1336,2,0,3,6,502,198000
6,5,2005,750,1500,2,1,3,6,564,173900
6,5,2005,728,1456,2,1,3,8,390,163990
7,5,2005,1310,1310,2,0,3,6,400,164990
4,6,1910,676,1436,2,0,3,6,528,98000
5,4,1959,1466,1466,1,1,3,6,528,149900
4,5,1951,836,1220,1,0,2,6,396,102000
5,4,1969,1176,1176,1,0,2,5,360,119900
7,5,2003,796,1724,2,1,3,8,616,196500
6,5,2002,914,914,1,0,2,4,0,117250
7,5,2003,1150,2314,2,1,3,9,502,229000
4,7,1948,624,936,1,0,3,5,265,97900
6,3,1915,832,1338,2,0,3,7,528,92000
5,3,1910,658,1184,1,0,5,8,0,81000
5,7,1924,784,1221,1,0,4,7,392,104900
5,7,1955,864,864,1,0,2,5,572,115000
4,4,1954,954,1482,2,0,3,6,609,125000
5,7,1918,686,1250,1,1,3,7,280,116000
6,5,1940,940,1595,1,0,2,6,240,140000
5,5,1938,1058,1551,2,0,3,6,240,137000
7,8,1926,624,1479,1,0,3,6,312,160000
5,5,1914,747,1784,1,1,4,9,180,138887
6,8,1920,755,1510,1,0,3,6,216,149000
5,5,1926,1008,1522,2,0,4,7,0,102000
7,8,1919,818,1636,1,1,4,7,288,167000
7,6,1920,793,1802,1,1,4,9,216,200100
5,5,1939,992,1465,2,0,3,6,240,131000
7,5,1915,756,1717,1,0,3,7,642,140000
6,5,1920,817,1550,1,1,3,7,318,195000
5,6,1940,901,1717,1,1,2,7,410,194000
4,5,1922,700,1180,1,0,2,5,252,137500
7,7,1936,1017,2057,1,1,3,6,180,250000
7,7,1929,1022,1671,2,0,4,7,451,218000
6,8,1932,952,2345,2,1,4,9,360,239000
7,7,1932,637,1609,1,1,3,8,579,199500
6,7,1930,697,1801,1,1,3,8,365,210000
6,7,1956,1073,1811,1,0,2,6,470,230000
5,6,1977,1430,1647,2,0,3,7,621,217500
5,7,1950,1168,2315,2,0,4,9,342,257000
6,7,1926,861,1285,1,0,3,6,506,145400
4,6,1925,641,641,1,0,2,4,272,85000
6,5,1957,967,1638,2,0,4,6,384,139000
4,6,1920,637,1336,1,1,3,7,570,108000
6,6,1979,1625,1625,2,0,3,6,576,242500
8,5,2001,1491,1491,2,0,3,7,490,209000
6,6,1975,1128,1210,2,0,3,6,528,148000
7,5,1989,1210,2519,2,1,4,9,628,335000
6,6,1987,1112,1137,2,0,2,5,551,176000
7,5,1990,1309,1339,2,0,2,6,484,180000
8,5,2002,1800,1800,2,0,3,7,765,312500
8,5,2005,1728,1960,2,0,3,8,714,320000
8,5,2005,1868,2028,2,0,2,7,880,369900
9,5,2005,1838,1838,2,0,3,9,682,359900
1,3,1951,0,1600,1,1,3,6,270,81500
5,5,2006,1140,1140,1,0,3,6,0,84500
5,7,1968,864,874,1,0,3,5,288,126500
5,5,1969,1104,1360,1,0,3,8,336,140000
5,5,1977,1126,1126,2,0,3,5,484,160000
5,7,1960,1224,1224,1,0,4,7,576,131000
6,6,1984,1003,1003,1,0,3,6,588,142500
5,5,1992,912,970,1,0,3,6,0,132000
5,5,1974,1389,1389,1,0,2,6,418,170000
7,5,1993,996,2000,2,1,3,9,650,188000
